generation,total_organisms,total_energy,avg_speed,avg_size,avg_reproduction_threshold,total_speed,total_size,total_reproduction_threshold,avg_energy
0,5,15,1,1.2,5,5,6,25,3
1,5,17.09795,1,1.2,5,5,6,25,3.41959
2,5,19.321634,1,1.2,5,5,6,25,3.864327
3,5,21.545319,1,1.2,5,5,6,25,4.309064
4,5,23.769005,1,1.2,5,5,6,25,4.753801
5,5,25.992691,1,1.2,5,5,6,25,5.1985383
6,9,28.216373,0.97550786,1.2017828,5.048086,8.779571,10.816046,45.432777,3.1351526
7,9,28.49336,0.97451663,1.1983427,5.0024934,8.77065,10.785084,45.02244,3.1659288
8,9,32.40609,0.97451663,1.1983427,5.0024934,8.77065,10.785084,45.02244,3.6006765
9,9,36.31882,0.97451663,1.1983427,5.0024934,8.77065,10.785084,45.02244,4.0354247
10,9,40.231552,0.97451663,1.1983427,5.0024934,8.77065,10.785084,45.02244,4.4701724
11,10,44.14428,0.9761729,1.1954122,4.9612107,9.761729,11.954122,49.612106,4.4144278
12,14,48.539192,0.9636742,1.1996261,4.9811034,13.491439,16.794765,69.73545,3.4670851
13,14,51.957745,0.9703668,1.2057114,4.928801,13.5851345,16.87996,69.00321,3.7112675
14,17,58.10483,0.9539434,1.2038203,5.00422,16.217037,20.464947,85.07174,3.4179313
15,16,61.7687,0.95162237,1.2059942,5.0301304,15.225958,19.295908,80.482086,3.8605437
16,17,68.703125,0.9539434,1.2038203,5.004221,16.217037,20.464947,85.071754,4.0413604
17,18,76.119736,0.955625,1.2002122,4.960264,17.20125,21.60382,89.28476,4.228874
18,23,84.00722,0.95135844,1.1983869,4.972042,21.881245,27.562899,114.35697,3.6524878
19,25,93.078835,0.94771993,1.2040071,4.953191,23.692999,30.100178,123.82977,3.7231534
20,28,103.93973,0.939995,1.2098589,4.976372,26.31986,33.87605,139.33841,3.7121332
21,30,115.98872,0.93805426,1.2076784,4.9889045,28.141628,36.230354,149.66713,3.8662908
22,35,127.98784,0.9334063,1.2082024,4.9860253,32.66922,42.287083,174.5109,3.6567955
23,36,143.01068,0.9337864,1.2084781,4.9783134,33.61631,43.50521,179.21928,3.972519
24,42,158.62494,0.9295224,1.2012005,5.008001,39.03994,50.45042,210.33603,3.7767842
25,45,176.55359,0.9274663,1.1997268,4.977238,41.73598,53.987705,223.97571,3.923413
26,51,195.73892,0.9215701,1.204102,5.00263,47.000076,61.409206,255.13414,3.8380182
27,60,216.59467,0.9242006,1.2029138,4.978166,55.452034,72.17483,298.68997,3.6099112
28,64,241.17418,0.9195806,1.2057332,5.000677,58.853157,77.16692,320.04333,3.7683465
29,70,268.30872,0.91311777,1.2057819,5.019387,63.918243,84.40474,351.3571,3.8329816
30,81,296.99036,0.91811484,1.2034143,4.9737887,74.3673,97.47656,402.8769,3.6665475
31,83,330.27753,0.91689855,1.205164,4.9738936,76.10258,100.02861,412.83316,3.9792473
32,97,364.53177,0.9164094,1.2072784,4.965459,88.89171,117.106,481.6495,3.7580595
33,108,404.62036,0.91226584,1.209548,4.969337,98.52471,130.63118,536.6884,3.7464848
34,116,441.36783,0.9092231,1.2142792,4.982639,105.46988,140.85638,577.9861,3.8048952
35,126,490.2074,0.90878636,1.212502,4.979091,114.50708,152.77525,627.3655,3.8905349
36,143,-340282350000000000000000000000000000000,0.90704983,1.2088363,4.9605317,129.70813,172.86359,709.356,-2379596800000000000000000000000000000
37,156,-340282350000000000000000000000000000000,0.9069874,1.2062643,4.9504323,141.49004,188.17722,772.26746,-2181297100000000000000000000000000000
38,173,656.3269,0.90822005,1.2058913,4.935903,157.12207,208.61919,853.9112,3.793797
39,195,722.5003,0.90249,1.2101952,4.9348583,175.98555,235.98807,962.29736,3.7051299
40,210,800.90393,0.9007296,1.2139864,4.9194345,189.15321,254.93715,1033.0813,3.8138282
41,235,888.6549,0.90006655,1.213944,4.9104314,211.51564,285.27682,1153.9514,3.7815104
42,261,984.181,0.8999822,1.2117732,4.9045734,234.89536,316.2728,1280.0936,3.7708085
43,291,1091.1791,0.89770937,1.2117574,4.903342,261.23343,352.6214,1426.8724,3.7497563
44,322,1209.0565,0.89721197,1.2108675,4.892832,288.90225,389.89935,1575.4918,3.754834
45,358,1338.2698,0.89274794,1.2136923,4.8881807,319.60376,434.50186,1749.9686,3.7381837
46,400,1482.6935,0.8898728,1.2143534,4.874435,355.94913,485.74136,1949.7739,3.7067337
47,443,1638.0813,0.89075804,1.2114547,4.8594894,394.6058,536.67444,2152.754,3.6977005
48,492,-340282350000000000000000000000000000000,0.88881063,1.2132313,4.8580933,437.29483,596.9098,2390.182,-691630800000000000000000000000000000
49,540,2004.5038,0.88770866,1.211302,4.8545027,479.36267,654.1031,2621.4314,3.712044
50,597,-inf,0.88633424,1.2100921,4.8436623,529.14154,722.425,2891.6665,-inf
51,665,-inf,0.88340414,1.2123992,4.8367124,587.46375,806.2455,3216.4136,-inf
52,739,-inf,0.8820859,1.21235,4.8109474,651.8615,895.92664,3555.2903,-inf
53,813,2971.8298,0.88142145,1.2115897,4.8013306,716.59564,985.0224,3903.482,3.6553872
54,899,3285.1548,0.8791231,1.215122,4.793707,790.33167,1092.3947,4309.5425,3.6542323
55,988,-340282350000000000000000000000000000000,0.8784016,1.215004,4.782311,867.8608,1200.424,4724.9233,-344415320000000000000000000000000000
56,1090,4007.835,0.87765795,1.2146083,4.7740784,956.64716,1323.9231,5203.7456,3.6769128
57,1233,-inf,0.8741478,1.2137579,4.77057,1077.8242,1496.5635,5882.113,-inf
58,1354,-340282350000000000000000000000000000000,0.87305534,1.2151091,4.757823,1182.117,1645.2577,6442.0923,-251316370000000000000000000000000000
59,1491,5378.738,0.8724812,1.2144717,4.7437344,1300.8695,1810.7772,7072.9077,3.60747
60,1640,-340282350000000000000000000000000000000,0.87103367,1.2148236,4.7332163,1428.4952,1992.3108,7762.4746,-207489230000000000000000000000000000
61,1795,-340282350000000000000000000000000000000,0.8712655,1.2161641,4.728746,1563.9215,2183.0146,8488.099,-189572330000000000000000000000000000
62,1986,-340282350000000000000000000000000000000,0.86972773,1.2168603,4.719723,1727.2793,2416.6846,9373.37,-171340550000000000000000000000000000
63,2197,-340282350000000000000000000000000000000,0.8695926,1.2168987,4.707462,1910.495,2673.5264,10342.294,-154885000000000000000000000000000000
64,2440,8686.495,0.8677908,1.2182328,4.697097,2117.4097,2972.488,11460.916,3.560039
65,2696,-inf,0.86758304,1.2162961,4.678679,2339.004,3279.1343,12613.719,-inf
66,2989,10530.22,0.86610967,1.2177508,4.6689687,2588.8018,3639.857,13955.547,3.522991
67,3279,-inf,0.8643481,1.2180685,4.65859,2834.1975,3994.0466,15275.517,-inf
68,3587,-340282350000000000000000000000000000000,0.8630883,1.2196336,4.651999,3095.8977,4374.8257,16686.72,-94865440000000000000000000000000000
69,3916,-inf,0.863847,1.2197689,4.6462173,3382.825,4776.6147,18194.588,-inf
70,4299,-inf,0.8632329,1.2206242,4.6347194,3711.0383,5247.4634,19924.658,-inf
71,4727,-inf,0.8617231,1.2198968,4.6295824,4073.3652,5766.452,21884.035,-inf
72,5153,-inf,0.8601551,1.2214056,4.6230607,4432.3794,6293.9033,23822.633,-inf
73,5540,-inf,0.85777515,1.2242451,4.616678,4752.074,6782.318,25576.396,-inf
74,6011,20738.219,0.85753477,1.2244159,4.6194506,5154.6416,7359.964,27767.518,3.4500446
75,6514,-inf,0.8574715,1.2247698,4.6164193,5585.5693,7978.1504,30071.355,-inf
76,7018,-inf,0.8552031,1.2251309,4.6143384,6001.8154,8597.969,32383.426,-inf
77,7543,-inf,0.8538174,1.2251658,4.605834,6440.3447,9241.426,34741.805,-inf
78,8217,-340282350000000000000000000000000000000,0.8540295,1.2251562,4.597675,7017.56,10067.108,37779.094,-41411994000000000000000000000000000
79,8894,-inf,0.85294104,1.2268958,4.594331,7586.0576,10912.012,40861.977,-inf
80,9548,-inf,0.8523139,1.2272549,4.5918827,8137.893,11717.829,43843.297,-inf
81,10330,-340282350000000000000000000000000000000,0.85135067,1.2277042,4.584544,8794.452,12682.184,47358.344,-32941176000000000000000000000000000
82,11158,-inf,0.8502059,1.2288848,4.5753307,9486.598,13711.896,51051.543,-inf
83,12082,-inf,0.84917104,1.2293646,4.56262,10259.685,14853.184,55125.574,-inf
84,13169,-inf,0.8495399,1.2291521,4.549695,11187.591,16186.703,59914.934,-inf
85,14334,-inf,0.84924823,1.2297544,4.5420547,12173.124,17627.3,65105.813,-inf
86,15513,-inf,0.8489106,1.2307645,4.535126,13169.15,19092.85,70353.414,-inf
87,16807,-inf,0.84861916,1.2308943,4.5258737,14262.742,20687.64,76066.36,-inf
88,18240,-inf,0.8474764,1.2320439,4.5155354,15457.97,22472.48,82363.37,-inf
89,19768,-inf,0.846008,1.2331566,4.505837,16723.887,24377.04,89071.38,-inf
90,21454,-inf,0.8448084,1.2342657,4.496804,18124.52,26479.936,96474.44,-inf
91,23197,-inf,0.84456855,1.2350528,4.4865985,19591.457,28649.52,104075.625,-inf
92,25152,-inf,0.8442876,1.2360673,4.479256,21235.521,31089.564,112662.25,-inf
93,27248,-inf,0.8440901,1.2369959,4.4697256,22999.768,33705.664,121791.08,-inf
94,29228,-inf,0.8433618,1.2380245,4.4647655,24649.78,36184.98,130496.17,-inf
95,31478,-inf,0.8428009,1.2386795,4.4583864,26529.688,38991.152,140341.1,-inf
96,33665,-inf,0.84214234,1.2404479,4.453132,28350.723,41759.68,149914.69,-inf
97,35868,-inf,0.8422204,1.2426584,4.450251,30208.762,44571.67,159621.61,-inf
98,38102,-inf,0.84210837,1.24415,4.4502225,32086.014,47404.605,169562.38,-inf
99,40411,-inf,0.8415213,1.2457929,4.4498634,34006.72,50343.734,179823.42,-inf
100,42650,-inf,0.8413598,1.2474797,4.4514165,35883.996,53205.008,189852.92,-inf
101,44932,-inf,0.8416532,1.2488239,4.451008,37817.164,56112.156,199992.69,-inf
102,47086,-inf,0.84175795,1.2502394,4.45246,39635.016,58868.77,209648.53,-inf
103,49188,-inf,0.8423727,1.2517165,4.453351,41434.63,61569.43,219051.44,-inf
104,51289,-inf,0.8426645,1.2537637,4.4542885,43219.418,64304.285,228456,-inf
105,53304,-inf,0.842806,1.2556161,4.4565063,44924.93,66929.36,237549.61,-inf
106,55139,-inf,0.84285176,1.2572834,4.4607162,46474.004,69325.35,245959.44,-inf
107,57109,-inf,0.8432006,1.2585459,4.461707,48154.344,71874.3,254803.64,-inf
108,58877,-inf,0.84401447,1.2597486,4.4646616,49693.04,74170.22,262865.88,-inf
109,60605,-inf,0.844003,1.2609679,4.4695425,51150.805,76420.95,270876.63,-inf
110,62157,-inf,0.8434957,1.2626542,4.4762936,52429.164,78482.8,278232.97,-inf
111,63554,-inf,0.842744,1.2631845,4.483643,53559.75,80280.43,284953.44,-inf
112,64917,-inf,0.8422848,1.2635471,4.49095,54678.6,82025.69,291539,-inf
113,66023,-inf,0.84113085,1.264642,4.4981675,55533.98,83495.46,296982.5,-inf
114,67115,-inf,0.8399458,1.2657309,4.505329,56372.96,84949.52,302375.16,-inf
115,68014,-inf,0.83894074,1.2665021,4.5136833,57059.715,86139.875,306993.66,-inf
116,68976,-inf,0.8377548,1.2670863,4.520082,57784.973,87398.54,311777.2,-inf
117,69872,-inf,0.83621776,1.267757,4.526413,58428.207,88580.72,316269.53,-inf
118,70801,-inf,0.8346877,1.2683575,4.5314217,59096.727,89800.984,320829.2,-inf
119,71845,-inf,0.8329959,1.2686672,4.536523,59846.59,91147.4,325926.5,-inf
120,72304,-inf,0.83120346,1.2689539,4.543905,60099.336,91750.445,328542.5,-inf
121,73050,-inf,0.8296607,1.2693467,4.548993,60606.715,92725.77,332303.94,-inf
122,73891,-inf,0.8276103,1.2695602,4.553576,61152.953,93809.07,336468.28,-inf
123,74462,-inf,0.8252114,1.2695009,4.5578213,61446.89,94529.57,339384.5,-inf
124,75137,-inf,0.8233343,1.2691973,4.5624723,61862.867,95363.68,342810.47,-inf
125,75643,-inf,0.82100564,1.2694167,4.5660453,62103.332,96022.484,345389.38,-inf
126,76277,-inf,0.8185482,1.2701995,4.568814,62436.402,96887.01,348495.4,-inf
127,76855,-inf,0.81643283,1.270601,4.571753,62746.945,97652.05,351362.06,-inf
128,77626,-inf,0.81442887,1.2715809,4.5720925,63220.855,98707.74,354913.25,-inf
129,78221,-inf,0.8125756,1.2724981,4.573656,63560.477,99536.08,357755.97,-inf
130,79036,-inf,0.8108468,1.2734686,4.5749097,64086.09,100649.87,361582.56,-inf
131,79708,-inf,0.80862397,1.274551,4.577343,64453.8,101591.914,364850.84,-inf
132,80255,-inf,0.8069981,1.2752512,4.580036,64765.633,102345.28,367570.8,-inf
133,80679,-inf,0.8050455,1.2757256,4.585051,64950.266,102924.266,369917.34,-inf
134,81314,-inf,0.802801,1.276429,4.587282,65278.96,103791.555,373010.28,-inf
135,81842,-inf,0.80116326,1.2771183,4.589793,65568.805,104521.92,375637.88,-inf
136,82347,-inf,0.7990419,1.2777375,4.593425,65798.7,105217.85,378254.75,-inf
137,83027,-inf,0.79746866,1.2779784,4.5959473,66211.43,106106.71,381587.72,-inf
138,83688,-inf,0.79511327,1.2784691,4.5993485,66541.44,106992.52,384910.28,-inf
139,84080,-inf,0.79314,1.2789448,4.604019,66687.21,107533.68,387105.94,-inf
140,84822,-inf,0.7910289,1.2795401,4.607025,67096.66,108533.15,390777.1,-inf
141,85457,-inf,0.78903234,1.2801167,4.6094527,67428.336,109394.93,393910,-inf
142,86060,-inf,0.7874726,1.2803814,4.611662,67769.89,110189.625,396879.63,-inf
143,86518,-inf,0.7858017,1.2802851,4.614948,67985.99,110767.7,399276.06,-inf
144,87101,-inf,0.78351766,1.2808956,4.6191087,68245.17,111567.29,402329,-inf
145,87562,-inf,0.7815585,1.2813914,4.621992,68434.83,112201.19,404710.88,-inf
146,88010,-inf,0.7791328,1.2819176,4.6253357,68571.48,112821.57,407075.8,-inf
147,88408,-inf,0.7774861,1.2822869,4.6293044,68735.99,113364.414,409267.56,-inf
148,88759,-inf,0.7755262,1.2828958,4.63341,68834.93,113868.55,411256.84,-inf
149,89129,-inf,0.77358377,1.2834361,4.6370845,68948.75,114391.375,413298.72,-inf
150,89434,-inf,0.7720181,1.2838641,4.6417193,69044.664,114821.1,415127.53,-inf
151,89719,-inf,0.7698846,1.2847221,4.645141,69073.27,115263.98,416757.44,-inf
152,89823,-inf,0.76802224,1.2854053,4.651107,68986.06,115458.95,417776.38,-inf
153,89951,-inf,0.7666536,1.2864231,4.655665,68961.26,115715.05,418781.72,-inf
154,90074,-inf,0.7649922,1.2873845,4.658908,68905.91,115959.875,419646.47,-inf
155,89918,-inf,0.7633566,1.2885528,4.6644835,68639.5,115864.086,419421.03,-inf
156,89820,-inf,0.76170355,1.2894862,4.6691623,68416.21,115821.65,419384.16,-inf
157,89630,-inf,0.7601471,1.2907442,4.674549,68131.984,115689.4,418979.84,-inf
158,89653,-inf,0.75797987,1.2922106,4.679844,67955.17,115850.555,419562.06,-inf
159,89649,-inf,0.75620633,1.2937257,4.6840596,67793.14,115981.22,419921.28,-inf
160,89453,-inf,0.7547319,1.2950858,4.6880417,67513.03,115849.305,419359.38,-inf
161,89155,-inf,0.75289863,1.2964783,4.692193,67124.68,115587.52,418332.47,-inf
162,88885,-inf,0.7513847,1.2975591,4.695234,66786.83,115333.54,417335.88,-inf
163,88771,-inf,0.74920714,1.2987816,4.6993074,66507.87,115294.14,417162.22,-inf
164,88627,-inf,0.74691224,1.3004527,4.702634,66196.59,115255.23,416780.3,-inf
165,88322,-inf,0.74413985,1.3020447,4.7061653,65723.92,114999.195,415657.94,-inf
166,88123,-inf,0.7422179,1.3034155,4.7083616,65406.47,114860.88,414914.94,-inf
167,87890,-inf,0.7401466,1.3049603,4.712122,65051.48,114692.96,414148.4,-inf
168,87634,-inf,0.7377901,1.306412,4.7159514,64655.5,114486.11,413277.7,-inf
169,87499,-inf,0.7351829,1.308087,4.718445,64327.77,114456.305,412859.22,-inf
170,87128,-inf,0.73297846,1.309437,4.721644,63862.945,114088.625,411387.38,-inf
171,86700,-inf,0.730296,1.3110926,4.725976,63316.664,113671.734,409742.13,-inf
172,86327,-inf,0.7273774,1.3125896,4.7295985,62792.313,113311.92,408292.03,-inf
173,85853,-inf,0.72423035,1.314518,4.733675,62177.348,112855.31,406400.2,-inf
174,85458,-inf,0.72126615,1.3161715,4.7363434,61637.96,112477.38,404758.44,-inf
175,85240,-inf,0.71808016,1.3179662,4.7389603,61209.152,112343.44,403948.97,-inf
176,84734,-inf,0.7151115,1.3200021,4.7418523,60594.258,111849.055,401796.13,-inf
177,84257,-inf,0.7125483,1.3216784,4.744505,60037.184,111360.66,399757.75,-inf
178,83833,-inf,0.70998544,1.3233912,4.7462454,59520.207,110943.86,397892,-inf
179,83190,-inf,0.70707977,1.3253729,4.748582,58821.965,110257.77,395034.53,-inf
180,82727,-inf,0.70376,1.3276893,4.7492065,58219.957,109835.75,392887.63,-inf
181,82200,-inf,0.70057076,1.3297993,4.7494216,57586.918,109309.5,390402.47,-inf
182,81651,-inf,0.6973359,1.3318799,4.749674,56938.176,108749.32,387815.63,-inf
183,80260,-inf,0.6967713,1.3317869,4.7524624,55922.867,106889.22,381432.63,-inf
184,80690,228213.98,0.6916574,1.3356403,4.750956,55809.84,107772.81,383354.66,2.828281
185,80265,-inf,0.68823695,1.337993,4.75087,55241.34,107394.01,381328.6,-inf
186,78712,-inf,0.68764496,1.3377159,4.752923,54125.91,105294.29,374112.1,-inf
187,79153,223286.9,0.68165386,1.3423506,4.7500844,53954.95,106251.08,375983.44,2.8209531
188,77874,-inf,0.6810617,1.3422763,4.751962,53036.996,104528.43,370054.3,-inf
189,78072,219742.64,0.67501307,1.3472596,4.7501183,52699.62,105183.26,370851.22,2.8146152
190,76722,-inf,0.6744155,1.3470701,4.75241,51742.508,103349.914,364614.4,-inf
191,76997,216277.08,0.6678086,1.3516788,4.7501493,51419.258,104075.22,365747.25,2.8089027
192,75717,-inf,0.6671426,1.3517437,4.7518816,50514.04,102349.98,359798.22,-inf
193,75792,212452.22,0.66017944,1.3568757,4.750489,50036.32,102840.32,360049.06,2.8030956
194,75225,-inf,0.65626204,1.3592134,4.7503843,49367.313,102246.82,357347.66,-inf
195,73817,-inf,0.65539896,1.3590881,4.7539773,48379.586,100323.805,350924.34,-inf
196,73969,207336.52,0.64878887,1.3638827,4.75138,47990.266,100885.04,351454.8,2.803019
197,73507,-inf,0.64513063,1.3665524,4.7509794,47421.617,100451.164,349230.25,-inf
198,72052,-inf,0.64400417,1.3667916,4.754152,46401.79,98480.07,342546.16,-inf
199,70808,202660.69,0.6430166,1.3670584,4.7561073,45530.72,96798.67,336770.44,2.8621156
200,72045,201284.63,0.6320498,1.3758128,4.749585,45536.027,99120.43,342183.88,2.7938735
201,71644,-inf,0.6277276,1.378761,4.74844,44972.918,98779.95,340197.22,-inf
202,70238,-inf,0.6269738,1.3787868,4.750784,44037.387,96843.23,333685.56,-inf
203,69044,196722.78,0.6266522,1.3787612,4.7517285,43266.574,95195.19,328078.34,2.849238
204,70098,195819.39,0.6154025,1.3876984,4.7451515,43138.484,97274.88,332625.63,2.793509
205,68989,-inf,0.61512923,1.3873948,4.745935,42437.152,95714.98,327417.3,-inf
206,69368,193176.45,0.6077293,1.392959,4.7403054,42156.97,96626.78,328825.5,2.7848065
207,68129,-inf,0.6074421,1.3926463,4.7414546,41384.42,94879.6,323030.56,-inf
208,66952,191105.89,0.6070691,1.3925897,4.7437015,40644.49,93236.664,317600.3,2.8543715
209,68209,190449.94,0.5951883,1.4012638,4.7347407,40597.2,95578.805,322951.94,2.7921526
210,67176,-inf,0.59471065,1.40128,4.736437,39950.28,94132.39,318174.88,-inf
211,67556,188110.45,0.58724666,1.4075944,4.7319646,39672.035,95091.45,319672.6,2.7845113
212,67144,-inf,0.5832447,1.4104688,4.730555,39161.38,94704.516,317628.38,-inf
213,65735,-inf,0.5831208,1.4106863,4.734601,38331.45,92731.46,311229,-inf
214,66122,184797.94,0.575513,1.4167473,4.7289433,38054.07,93678.164,312687.2,2.7948027
215,64914,-inf,0.5755772,1.4165914,4.730556,37363.02,91956.62,307079.3,-inf
216,65395,183358.7,0.5683874,1.4224873,4.7277784,37169.69,93023.555,309173.06,2.8038642
217,64241,-inf,0.5681843,1.4225503,4.729927,36500.73,91386.055,303855.25,-inf
218,64820,181932.02,0.56118107,1.4289964,4.724809,36375.758,92627.55,306262.13,2.8067265
219,64472,-inf,0.558101,1.4317225,4.7231364,35981.887,92306.016,304510.06,-inf
220,63140,-340282350000000000000000000000000000000,0.558181,1.4318206,4.727191,35243.547,90405.16,298474.84,-5389330500000000000000000000000000
221,63875,180726.05,0.5519377,1.4377334,4.7213283,35255.02,91835.22,301574.84,2.8293705
222,62776,-inf,0.55182266,1.4375702,4.7220807,34641.22,90244.91,296433.34,-inf
223,63546,180129.48,0.54602396,1.4428188,4.714674,34697.64,91685.36,299598.7,2.8346314
224,62390,-inf,0.5464155,1.4423916,4.7166667,34090.863,89990.81,294272.84,-inf
225,63311,179468.23,0.54173934,1.4474899,4.7085752,34298.06,91642.03,298104.6,2.8347087
226,62004,-inf,0.54170007,1.4471433,4.709959,33587.57,89728.67,292036.3,-inf
227,62907,179715.47,0.5366021,1.452026,4.702111,33756.027,91342.6,295795.7,2.8568437
228,61752,-inf,0.53664196,1.4520004,4.7035565,33138.715,89663.93,290454.03,-inf
229,62811,179528.19,0.53197813,1.4564998,4.6961455,33414.08,91484.21,294969.6,2.8582284
230,61603,-inf,0.5309774,1.4572905,4.6978393,32709.8,89773.47,289401,-inf
231,62457,179041.88,0.5256443,1.4628756,4.692243,32830.168,91366.82,293063.44,2.8666422
232,61183,-inf,0.5242165,1.4637066,4.69427,32073.137,89553.96,287209.53,-inf
233,62131,178002.58,0.5184285,1.4691706,4.6887074,32210.482,91281.04,291314.06,2.864956
234,60775,-inf,0.5170095,1.4704517,4.6910458,31421.252,89366.7,285098.3,-inf
235,61425,176536,0.5094583,1.4769017,4.68681,31293.475,90718.69,287887.3,2.874009
236,60086,-inf,0.5080397,1.4780556,4.688951,30526.074,88810.445,281740.3,-inf
237,58457,174914.64,0.50472265,1.480189,4.6931186,29504.572,86527.41,274345.63,2.9921932
238,60540,174215.36,0.4947669,1.4897486,4.679224,29953.188,90189.38,283280.22,2.87769
239,59236,-inf,0.49398738,1.4909413,4.6801686,29261.836,88317.4,277234.47,-inf
240,57413,171711.22,0.49043703,1.4938301,4.684106,28157.46,85765.266,268928.56,2.9908073
241,59217,170504.02,0.4791571,1.5035486,4.6714196,28374.246,89035.64,276627.47,2.8793085
242,57851,-inf,0.47819,1.5048951,4.673311,27663.77,87059.69,270355.72,-inf
243,58135,167884.16,0.4682815,1.5136939,4.666426,27223.545,87998.59,271282.7,2.8878326
244,56704,-340282350000000000000000000000000000000,0.46750018,1.514886,4.666753,26509.13,85900.09,264623.56,-6001029000000000000000000000000000
245,55241,165630.8,0.46556213,1.5171164,4.667525,25718.117,83807.03,257838.75,2.9983308
246,56743,164711.22,0.45105228,1.5288683,4.6558185,25594.059,86752.58,264185.1,2.9027584
247,55466,-inf,0.45056948,1.5295781,4.657345,24991.287,84839.58,258324.3,-inf
248,53873,162263,0.44934615,1.5312995,4.6582775,24207.625,82495.695,250955.38,3.011954
249,55340,161261.67,0.43508172,1.542724,4.6465864,24077.422,85374.34,257142.1,2.9140165
250,54087,-inf,0.43479526,1.5433477,4.64732,23516.771,83475.05,251359.58,-inf
251,52626,159364.14,0.43451267,1.5447154,4.6488013,22866.664,81292.195,244647.83,3.0282397
252,51542,159004.47,0.43448308,1.5452826,4.6509337,22394.127,79646.95,239718.44,3.0849495
253,50532,158689.97,0.4334388,1.5466621,4.651301,21902.53,78155.93,235039.53,3.1403856
254,53987,158022.88,0.40815085,1.566154,4.627853,22034.84,84551.95,249843.9,2.9270542
255,52908,-inf,0.40862742,1.5664283,4.6297035,21619.66,82876.586,244948.36,-inf
256,51474,155791.23,0.40822423,1.5679741,4.632492,21012.934,80709.9,238452.9,3.0266006
257,50347,155377.13,0.40812078,1.5687819,4.6345644,20547.656,78983.46,233336.4,3.086125
258,49278,155231.77,0.4077317,1.5695609,4.6364985,20092.203,77344.82,228477.36,3.1501231
259,48378,155337.31,0.4067251,1.5707008,4.637008,19676.547,75987.36,224329.19,3.2109082
260,52782,154875.69,0.37541705,1.5945243,4.6081753,19815.264,84162.18,243228.7,2.934252
261,51830,-inf,0.37476674,1.5948386,4.6092477,19424.16,82660.484,238897.3,-inf
262,50287,152867.8,0.37521604,1.595772,4.615882,18868.488,80246.586,232118.84,3.039907
263,49244,152612.42,0.37471476,1.5965883,4.6187944,18452.453,78622.39,227447.9,3.099107
264,51679,152274.34,0.352841,1.6131563,4.5986233,18234.469,83366.305,237652.25,2.946542
265,50644,-inf,0.3524217,1.6136836,4.6026554,17848.045,81723.39,233096.89,-inf
266,49416,151276.22,0.35343018,1.6133829,4.6097646,17465.105,79726.93,227796.13,3.06128
267,50751,150928.8,0.33861107,1.6250249,4.5976257,17184.85,82471.64,233334.1,2.973908
268,49631,-inf,0.33837774,1.6256866,4.601889,16794.025,80684.45,228396.36,-inf
269,48408,150130.78,0.3389445,1.6255578,4.609447,16407.625,78690,223134.11,3.101363
270,49841,149882.02,0.32562685,1.6360067,4.6004868,16229.568,81540.21,229292.86,3.007203
271,48778,-inf,0.32556188,1.6359452,4.604458,15880.258,79798.13,224596.25,-inf
272,47444,149114.69,0.3272928,1.6348437,4.613663,15528.08,77563.52,218890.64,3.142962
273,49119,148701.39,0.31186774,1.6463361,4.6015816,15318.632,80866.38,226025.1,3.02737
274,47993,-inf,0.31214544,1.6457722,4.608533,14980.796,78985.55,221177.31,-inf
275,46700,147333.78,0.31254816,1.6457099,4.615349,14595.999,76854.65,215536.8,3.154899
276,45502,147388.08,0.3136086,1.6450295,4.6212792,14269.817,74852.13,210277.45,3.239156
277,48152,146964.61,0.2921696,1.6608028,4.6029816,14068.551,79970.98,221642.77,3.0520978
278,47050,-inf,0.2922633,1.6603342,4.6084743,13750.988,78118.73,216828.7,-inf
279,45573,145272.25,0.29389942,1.6588953,4.6204653,13393.878,75600.836,210568.47,3.1876824
280,44399,145319.89,0.2944106,1.6586598,4.6280985,13071.536,73642.836,205482.95,3.273044
281,47012,144895.97,0.27420726,1.6729096,4.6087894,12891.032,78646.83,216668.4,3.082106
282,45923,-inf,0.27446434,1.6726,4.6124563,12604.226,76810.81,211817.83,-inf
283,44471,142769.34,0.2766206,1.6715523,4.6242733,12301.595,74335.6,205646.06,3.210392
284,43213,142632.45,0.27846923,1.6702589,4.633189,12033.491,72176.9,200214,3.300684
285,45810,142373.45,0.25773358,1.6844293,4.6093516,11806.775,77163.7,211154.39,3.107912
286,44788,-inf,0.2588624,1.6836799,4.614414,11593.93,75408.66,206670.38,-inf
287,43357,140628.81,0.26197234,1.6818377,4.6270943,11358.335,72919.44,200616.92,3.2435088
288,42216,140614.75,0.26342148,1.6809686,4.6337633,11120.602,70963.77,195618.95,3.33084
289,45047,140234.48,0.24523702,1.6932379,4.6144824,11047.192,76275.29,207868.58,3.1130705
290,44017,-inf,0.24590951,1.6930765,4.618317,10824.199,74524.15,203284.47,-inf
291,42514,138460.22,0.24885707,1.6913737,4.630353,10579.909,71907.06,196854.83,3.2568147
292,44060,137775.22,0.23856506,1.6988336,4.619475,10511.177,74850.61,203534.06,3.1269908
293,42851,-inf,0.23986493,1.6975076,4.626872,10278.452,72739.9,198266.1,-inf
294,41428,136432.83,0.24361804,1.6948991,4.640371,10092.608,70216.28,192241.28,3.2932515
295,40251,136634.56,0.24605006,1.6933719,4.6509814,9903.761,68159.914,187206.66,3.3945632
296,43007,136362,0.23248789,1.7036456,4.6299505,9998.606,73268.69,199120.28,3.1706932
297,42018,-inf,0.23400946,1.7030998,4.6358232,9832.609,71560.85,194788.02,-inf
298,40520,134599.56,0.23543763,1.7021959,4.6498494,9539.933,68972.98,188411.89,3.3218055
299,39360,134821.58,0.23637408,1.7016395,4.6580753,9303.684,66976.53,183341.84,3.425345
300,42159,134113.27,0.22424445,1.7093915,4.639568,9453.922,72066.234,195599.53,3.1811302
301,41039,-inf,0.22498494,1.7085714,4.647123,9233.157,70118.06,190713.27,-inf
302,39437,131942.17,0.22551218,1.7081417,4.6635995,8893.523,67363.984,183918.38,3.3456442
303,38247,131684.89,0.22712079,1.7074523,4.6724324,8686.688,65304.93,178706.53,3.4430122
304,37184,131723.53,0.2281676,1.7068561,4.6804237,8484.184,63467.74,174036.88,3.5424788
305,36288,131723.25,0.22875035,1.7066509,4.686547,8300.893,61930.945,170065.4,3.6299396
306,40947,131192.92,0.20608345,1.7210974,4.6529255,8438.499,70473.77,190523.34,3.203969
307,40012,-inf,0.20722416,1.7199014,4.661139,8291.453,68816.695,186501.5,-inf
308,38351,128139.04,0.20797198,1.7186997,4.6822424,7975.933,65913.85,179568.67,3.3412178
309,37056,127776.66,0.20957492,1.7175996,4.6971183,7766.0083,63647.37,174056.42,3.4482043
310,35941,127703.9,0.21153048,1.7167865,4.705435,7602.6167,61703.023,169118.03,3.5531538
311,35031,127837.91,0.21260184,1.7162547,4.711999,7447.6553,60122.117,165066.03,3.6492794
312,39264,127563.73,0.1921346,1.73023,4.6836066,7543.973,67935.75,183897.13,3.2488725
313,38386,-inf,0.19374448,1.7285949,4.690743,7437.0757,66353.84,180058.86,-inf
314,36772,124627.78,0.19719635,1.7261485,4.7111173,7251.304,63473.934,173237.2,3.3892033
315,35608,124118.516,0.20001356,1.723697,4.7238727,7122.083,61377.402,168207.66,3.4856918
316,37780,123610.45,0.18806827,1.7309124,4.714606,7105.219,65393.87,178117.81,3.271849
317,36740,-inf,0.18971147,1.7291626,4.7248545,6969.9995,63529.434,173591.16,-inf
318,35400,121331.33,0.19374628,1.7264261,4.738472,6858.6187,61115.484,167741.9,3.4274387
319,34217,120767.305,0.19651768,1.7242624,4.753483,6724.245,58999.086,162649.92,3.5294533
320,36368,120213.56,0.1839522,1.7316166,4.7417974,6689.9736,62975.434,172449.69,3.3054764
321,35354,-inf,0.18633954,1.7294024,4.7522087,6587.848,61141.293,168009.6,-inf
322,34003,117940.11,0.18956289,1.726691,4.768468,6445.707,58712.676,162142.22,3.4685206
323,32903,117666.305,0.19384393,1.7234032,4.780888,6378.047,56705.137,157305.56,3.5761573
324,31977,117668.375,0.19466,1.7226635,4.7911396,6224.6426,55085.613,153206.27,3.6797817
325,35214,116872.94,0.17822078,1.7326957,4.7725015,6275.8667,61015.145,168058.86,3.318934
326,34245,-inf,0.17970277,1.7313731,4.7781873,6153.9214,59290.87,163629.02,-inf
327,32870,114508.766,0.18355526,1.7271597,4.7961025,6033.4614,56771.742,157647.89,3.4836862
328,31810,114090.65,0.1868042,1.7249954,4.8102016,5942.2417,54872.1,153012.52,3.5866284
329,33901,113893.414,0.1772714,1.7310392,4.800358,6009.6777,58683.957,162736.94,3.3595886
330,32998,-inf,0.1791443,1.7285331,4.8101697,5911.4033,57038.137,158725.98,-inf
331,31762,111897.73,0.1834425,1.72402,4.827491,5826.501,54758.324,153330.77,3.5230062
332,33032,111012.5,0.18148348,1.7249094,4.8198347,5994.762,56977.207,159208.78,3.3607562
333,31910,-inf,0.18468803,1.7210296,4.834336,5893.395,54918.055,154263.66,-inf
334,30603,108788.54,0.1906297,1.7170627,4.850363,5833.841,52547.27,148435.66,3.5548325
335,31793,108335.516,0.19280694,1.7163777,4.838607,6129.911,54568.797,153833.83,3.4075272
336,30806,-inf,0.19527075,1.7145375,4.846517,6015.5107,52818.043,149301.81,-inf
337,29624,106123.53,0.19961141,1.7109237,4.860602,5913.2886,50684.402,143990.47,3.5823498
338,28550,105663.37,0.2039143,1.7079957,4.870144,5821.7534,48763.277,139042.61,3.7009935
339,30853,105132.664,0.21216285,1.7050647,4.840841,6545.8604,52606.36,149354.47,3.4075346
340,29932,-inf,0.21486375,1.7023671,4.847708,6431.302,50955.25,145101.61,-inf
341,28668,103174.805,0.21930666,1.6986563,4.8632493,6287.0835,48697.08,139419.63,3.5989537
342,27658,103173.47,0.22280428,1.6961664,4.8755193,6162.321,46912.57,134847.11,3.73033
343,30267,103038.57,0.24588872,1.6870948,4.833233,7442.314,51063.297,146287.45,3.4043205
344,29434,-inf,0.24951169,1.6840874,4.8392963,7344.127,49569.43,142439.84,-inf
345,27750,100636.29,0.23589051,1.6898415,4.8743234,6545.9614,46893.1,135262.47,3.626533
346,26826,100529.125,0.23595725,1.6893317,4.8862495,6329.789,45318.01,131078.53,3.747451
347,29418,100107.16,0.2661819,1.6776419,4.8402433,7830.5386,49352.867,142390.28,3.402922
348,28517,-inf,0.26746318,1.676382,4.8482666,7627.2476,47805.383,138258.02,-inf
349,26833,96767.98,0.24136382,1.6876595,4.8936877,6476.5156,45284.97,131312.33,3.606305
350,28200,96286.02,0.26376602,1.6787808,4.8632097,7438.2017,47341.617,137142.52,3.414398
351,27260,-inf,0.26425096,1.6767713,4.8737965,7203.481,45708.785,132859.69,-inf
352,25774,93062.23,0.24322091,1.6847163,4.9134583,6268.776,43421.88,126639.48,3.6107018
353,26778,92118,0.24805757,1.6830864,4.903731,6642.486,45069.688,131312.11,3.4400628
354,25820,-inf,0.24903801,1.681744,4.9119577,6430.1616,43422.63,126826.75,-inf
355,24661,89107.76,0.24230759,1.6833992,4.9292383,5975.5474,41514.31,121559.945,3.6133068
356,25404,88129.99,0.23625612,1.6864517,4.9273562,6001.8506,42842.617,125174.56,3.4691384
357,24475,-inf,0.23714879,1.6849324,4.935901,5804.217,41238.72,120806.18,-inf
358,23405,85313.44,0.2372773,1.6836406,4.9520035,5553.475,39405.61,115901.64,3.6450946
359,24155,84273.96,0.22972544,1.688231,4.9465227,5549.018,40779.22,119483.26,3.4888828
360,23307,-inf,0.23116563,1.6864154,4.95355,5387.7773,39305.285,115452.38,-inf
361,22285,81601.58,0.23222889,1.6836611,4.966976,5175.2207,37520.387,110689.06,3.6617267
362,22953,80233.37,0.22043005,1.6886733,4.960789,5059.531,38760.117,113865,3.4955504
363,22091,-inf,0.22170977,1.687216,4.964124,4897.7905,37272.29,109662.47,-inf
364,21165,77615.41,0.22500727,1.6843671,4.9715986,4762.279,35649.63,105223.88,3.6671584
365,21797,76280.63,0.21691081,1.6868457,4.9707036,4728.005,36768.176,108346.42,3.4995933
366,20950,-inf,0.22010498,1.6834353,4.9762454,4611.199,35267.97,104252.34,-inf
367,20004,73655.484,0.22358216,1.6802889,4.9837704,4472.5376,33612.5,99695.34,3.6820378
368,19281,72556.76,0.22758088,1.6764461,4.990575,4387.987,32323.557,96223.27,3.763122
369,20341,71453.95,0.21310511,1.6823798,4.9848466,4334.771,34221.29,101396.766,3.5128043
370,19625,-inf,0.21507773,1.6803414,4.9869385,4220.9004,32976.7,97868.664,-inf
371,18737,68366.31,0.21799198,1.6766142,4.9953566,4084.5156,31414.719,93598,3.6487331
372,19174,67055.37,0.20987575,1.6810957,4.9928675,4024.1577,32233.33,95733.24,3.4972029
373,18375,-inf,0.21186385,1.6780499,5.0005255,3892.998,30834.168,91884.66,-inf
374,17553,64616.313,0.21520817,1.6747314,5.009852,3777.549,29396.56,87937.93,3.681212
375,16890,63592.703,0.21849293,1.6713121,5.0163345,3690.3455,28228.46,84725.89,3.7651098
376,17771,62547.66,0.20774704,1.6729193,5.0176888,3691.8728,29729.45,89169.34,3.5196478
377,17088,-inf,0.2104676,1.668556,5.030824,3596.4705,28512.285,85966.73,-inf
378,16296,60230.08,0.21382266,1.6648461,5.040862,3484.454,27130.332,82145.89,3.696004
379,16749,59276.953,0.20653161,1.6664388,5.043005,3459.198,27911.184,84465.29,3.5391338
380,16120,-inf,0.20763199,1.6643804,5.050879,3347.0276,26829.813,81420.17,-inf
381,15385,56923.83,0.21055049,1.6609371,5.0607977,3239.3193,25553.518,77860.375,3.6999564
382,15779,56072.12,0.20270054,1.6625614,5.0666103,3198.4119,26233.557,79946.05,3.5535915
383,15169,-inf,0.20456505,1.6598437,5.076648,3103.047,25178.168,77007.68,-inf
384,14493,53804.31,0.20927995,1.6564547,5.0881147,3033.0945,24006.998,73742.05,3.7124343
385,14826,52900.94,0.2043725,1.6582271,5.094617,3030.0266,24584.875,75532.79,3.5681195
386,14255,-inf,0.20727485,1.6547015,5.1011887,2954.7031,23587.77,72717.445,-inf
387,13640,50976.395,0.21177338,1.6520646,5.1084185,2888.5889,22534.16,69678.83,3.7372723
388,14037,50020.35,0.20602757,1.6532983,5.1132007,2892.009,23207.348,71774,3.5634646
389,13481,-inf,0.20881476,1.6504163,5.12225,2815.0317,22249.262,69053.055,-inf
390,12869,48156.543,0.21412154,1.6463205,5.132372,2755.53,21186.498,66048.49,3.7420578
391,13211,47059.04,0.2040764,1.6489325,5.1387286,2696.0532,21784.047,67887.74,3.5621102
392,12642,-340282350000000000000000000000000000000,0.20732878,1.6434388,5.151834,2621.0505,20776.354,65129.49,-26916813000000000000000000000000000
393,12057,45396.246,0.21090575,1.6393481,5.165883,2542.8906,19765.621,62285.05,3.765136
394,12373,44479.016,0.20302969,1.6409513,5.1723876,2512.0864,20303.49,63997.95,3.5948448
395,11874,-inf,0.20667,1.6371844,5.181844,2453.9995,19439.928,61529.22,-inf
396,11306,42703.54,0.20939717,1.6348629,5.190058,2367.4443,18483.76,58678.8,3.7770686
397,11522,41812.85,0.2014212,1.6366875,5.194789,2320.7751,18857.914,59854.355,3.6289577
398,11031,-inf,0.20283301,1.6336043,5.2045813,2237.451,18020.29,57411.734,-inf
399,10503,40016.754,0.20653445,1.6297202,5.215838,2169.2312,17116.951,54781.945,3.810031
400,10740,39194.77,0.199452,1.6305593,5.2255383,2142.1145,17512.207,56122.28,3.6494198
401,10269,-inf,0.20179836,1.6268436,5.235789,2072.2673,16706.057,53766.316,-inf
402,9791,37554.008,0.20259972,1.6256114,5.2446833,1983.6538,15916.361,51350.695,3.8355641
403,9978,36628.074,0.19569662,1.6276807,5.2476025,1952.6609,16240.998,52360.58,3.6708834
404,9514,-inf,0.19624224,1.6235918,5.2586856,1867.0487,15446.853,50031.137,-inf
405,8999,34596.582,0.1968327,1.6197854,5.2748885,1771.2975,14576.449,47468.723,3.8444917
406,9120,33667.71,0.19325271,1.6190188,5.283443,1762.4647,14765.451,48185,3.691635
407,8667,-inf,0.19180277,1.6174738,5.291331,1662.3546,14018.6455,45859.965,-inf
408,8160,31616.654,0.1925541,1.6140935,5.3044553,1571.2415,13171.003,43284.355,3.87459
409,8255,30559.354,0.18435982,1.6143322,5.313897,1521.8903,13326.3125,43866.223,3.7019205
410,7773,-340282350000000000000000000000000000000,0.18332855,1.6121649,5.326141,1425.0128,12531.357,41400.094,-43777480000000000000000000000000000
411,7309,28478.17,0.1824597,1.6105461,5.3350663,1333.5979,11771.481,38994,3.8963156
412,7350,27440.129,0.17401996,1.6110193,5.341764,1279.0468,11840.991,39261.965,3.7333508
413,6913,26214.06,0.17252623,1.6084937,5.3520536,1192.6738,11119.517,36998.746,3.7919948
414,6441,25328.611,0.17307675,1.6049424,5.3625054,1114.7874,10337.435,34539.9,3.9324036
415,6452,24452.445,0.1654517,1.6047773,5.376214,1067.4944,10354.023,34687.332,3.7899017
416,6058,-340282350000000000000000000000000000000,0.16335006,1.601863,5.3888216,989.5747,9704.086,32645.482,-56170740000000000000000000000000000
417,5644,22450.828,0.16234684,1.5998899,5.3950744,916.2855,9029.778,30449.799,3.977822
418,5630,21388.395,0.15650259,1.5982918,5.406354,881.10956,8998.383,30437.773,3.7990043
419,5226,-inf,0.15357542,1.5944216,5.422584,802.58514,8332.447,28338.424,-inf
420,4847,19571.15,0.15512878,1.5890276,5.442609,751.9092,7702.017,26380.324,4.0377865
421,4816,18552.191,0.14651223,1.5866296,5.455366,705.6029,7641.2085,26273.043,3.8521993
422,4451,-340282350000000000000000000000000000000,0.14497931,1.581955,5.479011,645.3029,7041.2817,24387.078,-76450765000000000000000000000000000
423,4111,16903.57,0.14519644,1.5759188,5.503896,596.9025,6478.602,22626.518,4.11179
424,4109,15972.703,0.13954313,1.5742092,5.5143604,573.38275,6468.426,22658.508,3.8872483
425,3804,-inf,0.14095612,1.5668588,5.5403624,536.1971,5960.3306,21075.54,-inf
426,3507,14460.561,0.14360791,1.5632595,5.5599675,503.63297,5482.351,19498.807,4.123342
427,3484,13639.471,0.1449613,1.5578557,5.577738,505.04514,5427.5693,19432.838,3.9148881
428,3229,-340282350000000000000000000000000000000,0.14860263,1.5532436,5.5906734,479.83792,5015.424,18052.285,-105383200000000000000000000000000000
429,2990,12368.905,0.15005293,1.550233,5.606089,448.6583,4635.197,16762.207,4.136758
430,2963,11768.797,0.14696707,1.5525683,5.6089125,435.4634,4600.26,16619.207,3.9719193
431,2741,11144.608,0.15370356,1.5418979,5.629251,421.30145,4226.3423,15429.776,4.0658913
432,2528,10576.245,0.1571002,1.5394996,5.638286,397.1493,3891.855,14253.587,4.1836414
433,2500,10074.84,0.15838781,1.537827,5.6556525,395.9695,3844.5676,14139.132,4.029936
434,2298,-340282350000000000000000000000000000000,0.1672694,1.5316792,5.677248,384.38507,3519.7988,13046.316,-148077610000000000000000000000000000
435,2095,8958.6455,0.17040502,1.5325512,5.6860785,356.9985,3210.6946,11912.335,4.276203
436,2060,8431.035,0.1723524,1.5287697,5.709857,355.04596,3149.2656,11762.306,4.0927353
437,1869,-340282350000000000000000000000000000000,0.18054914,1.5219084,5.742874,337.44635,2844.4468,10733.432,-182066540000000000000000000000000000
438,1680,7291.2764,0.18616077,1.5139354,5.7717047,312.7501,2543.4116,9696.464,4.3400455
439,1633,6785.235,0.18377927,1.5111789,5.8137236,300.11154,2467.7551,9493.811,4.155073
440,1477,6360.245,0.1919321,1.5031191,5.8623247,283.4837,2220.107,8658.653,4.306192
441,1339,6041.5522,0.19802335,1.4967047,5.899801,265.15326,2004.0876,7899.8335,4.511988
442,1325,5486.865,0.19492713,1.4953076,5.9203124,258.27844,1981.2825,7844.414,4.1410303
443,1176,-340282350000000000000000000000000000000,0.2033039,1.487832,5.960773,239.08539,1749.6904,7009.869,-289355730000000000000000000000000000
444,1048,4804.172,0.20472851,1.4831094,6.01058,214.55548,1554.2986,6299.088,4.5841336
445,1036,4477.406,0.21074206,1.4745934,6.0387235,218.32877,1527.6787,6256.1177,4.3218203
446,950,4234.941,0.2215805,1.46627,6.061458,210.50148,1392.9564,5758.3853,4.4578323
447,880,4005.8464,0.21975541,1.4653106,6.080421,193.38477,1289.4733,5350.7705,4.5520983
448,881,3800.4355,0.20730166,1.4747542,6.0891156,182.63277,1299.2584,5364.5107,4.3137746
449,818,3643.4844,0.2134864,1.4709907,6.0955734,174.63188,1203.2704,4986.179,4.4541373
450,775,3390.6633,0.20410918,1.4795724,6.0996385,158.18462,1146.6686,4727.2197,4.3750496
451,707,3213.43,0.20339632,1.4831874,6.1047325,143.8012,1048.6135,4316.046,4.5451627
452,646,3031.507,0.2033077,1.482931,6.104271,131.33678,957.97345,3943.359,4.692735
453,635,2770.243,0.19839129,1.4841363,6.113361,125.97847,942.4266,3881.9841,4.3625875
454,569,2596.5068,0.2051055,1.4729148,6.140534,116.70503,838.08856,3493.9639,4.563281
455,505,2408.207,0.19727701,1.4827787,6.153863,99.62489,748.8032,3107.7007,4.768727
456,491,2157.5125,0.19460413,1.4815203,6.130747,95.55063,727.42645,3010.1968,4.3941193
457,428,1949.7572,0.19674529,1.4890933,6.157171,84.206985,637.3319,2635.269,4.5555077
458,367,1729.1285,0.19653624,1.4885659,6.154984,72.1288,546.3037,2258.8792,4.711522
459,344,1492.8291,0.19295076,1.4869229,6.134071,66.37506,511.50146,2110.1204,4.3396196
460,277,1267.7249,0.18002051,1.4936217,6.148943,49.86568,413.73322,1703.2572,4.576624
461,221,1037.1267,0.18001886,1.5012872,6.097601,39.78417,331.7845,1347.5698,4.692881
462,185,805.8952,0.17461567,1.5154161,6.0476036,32.303898,280.352,1118.8066,4.35619
463,131,598.2707,0.16777757,1.5268018,6.037602,21.97886,200.01103,790.92584,4.5669518
464,90,421.9783,0.16471425,1.5604055,5.95404,14.824283,140.4365,535.8636,4.6886477
465,58,275.6625,0.14846863,1.5775056,5.856335,8.61118,91.49532,339.66745,4.752802
466,35,135.7173,0.21478087,1.5006456,5.7168403,7.51733,52.5226,200.08942,3.8776371
467,19,75.55622,0.17756827,1.5810819,5.4596677,3.3737972,30.040556,103.73369,3.9766433
468,11,46.459362,0.13145316,1.6226014,5.4023285,1.4459847,17.848616,59.425613,4.2235785
469,7,21.853643,0.073462784,1.7791948,5.242064,0.5142395,12.454364,36.694447,3.121949
470,2,5.811753,0.19875598,2.1445749,5.3371744,0.39751196,4.2891498,10.674349,2.9058764
