generation,total_predators,total_energy,avg_speed,avg_size,avg_reproduction_threshold,total_speed,total_size,total_reproduction_threshold,avg_energy
0,5,75,1.5,1,0,7.5,5,0,15
1,5,74.25,1.5,1,0,7.5,5,0,14.85
2,5,73.5,1.5,1,0,7.5,5,0,14.7
3,5,72.75001,1.5,1,0,7.5,5,0,14.550001
4,5,72.00001,1.5,1,0,7.5,5,0,14.400002
5,5,71.25001,1.5,1,0,7.5,5,0,14.250002
6,5,70.500015,1.5,1,0,7.5,5,0,14.100003
7,5,71.55001,1.5,1,0,7.5,5,0,14.310002
8,5,70.80002,1.5,1,0,7.5,5,0,14.160004
9,5,70.05002,1.5,1,0,7.5,5,0,14.010004
10,5,69.30002,1.5,1,0,7.5,5,0,13.860003
11,5,68.55002,1.5,1,0,7.5,5,0,13.710004
12,5,67.800026,1.5,1,0,7.5,5,0,13.560005
13,5,68.63055,1.5,1,0,7.5,5,0,13.7261095
14,5,67.88055,1.5,1,0,7.5,5,0,13.576109
15,5,68.8841,1.5,1,0,7.5,5,0,13.77682
16,5,68.13411,1.5,1,0,7.5,5,0,13.6268215
17,5,67.38411,1.5,1,0,7.5,5,0,13.476822
18,5,66.63412,1.5,1,0,7.5,5,0,13.326823
19,5,65.88411,1.5,1,0,7.5,5,0,13.176822
20,5,65.13412,1.5,1,0,7.5,5,0,13.026823
21,5,64.38412,1.5,1,0,7.5,5,0,12.876823
22,5,63.63412,1.5,1,0,7.5,5,0,12.726824
23,5,62.88412,1.5,1,0,7.5,5,0,12.576824
24,5,62.13412,1.5,1,0,7.5,5,0,12.426825
25,5,61.384125,1.5,1,0,7.5,5,0,12.276825
26,5,60.63413,1.5,1,0,7.5,5,0,12.126825
27,5,59.88413,1.5,1,0,7.5,5,0,11.976826
28,5,59.13413,1.5,1,0,7.5,5,0,11.826826
29,5,58.384132,1.5,1,0,7.5,5,0,11.6768265
30,5,57.634136,1.5,1,0,7.5,5,0,11.526827
31,5,56.884136,1.5,1,0,7.5,5,0,11.376827
32,5,56.134136,1.5,1,0,7.5,5,0,11.226828
33,5,55.38414,1.5,1,0,7.5,5,0,11.076828
34,5,58.36242,1.5,1,0,7.5,5,0,11.672483
35,5,57.612423,1.5,1,0,7.5,5,0,11.522485
36,5,58.55222,1.5,1,0,7.5,5,0,11.7104435
37,5,57.802223,1.5,1,0,7.5,5,0,11.560445
38,5,57.052227,1.5,1,0,7.5,5,0,11.410445
39,5,58.05579,1.5,1,0,7.5,5,0,11.611158
40,5,57.305786,1.5,1,0,7.5,5,0,11.461157
41,5,56.555786,1.5,1,0,7.5,5,0,11.311157
42,5,55.80579,1.5,1,0,7.5,5,0,11.161158
43,5,55.055798,1.5,1,0,7.5,5,0,11.01116
44,5,54.305794,1.5,1,0,7.5,5,0,10.861158
45,5,53.555794,1.5,1,0,7.5,5,0,10.711159
46,5,52.805798,1.5,1,0,7.5,5,0,10.561159
47,5,55.516747,1.5,1,0,7.5,5,0,11.10335
48,5,54.766747,1.5,1,0,7.5,5,0,10.953349
49,5,57.841305,1.5,1,0,7.5,5,0,11.568261
50,5,58.76895,1.5,1,0,7.5,5,0,11.75379
51,5,58.01896,1.5,1,0,7.5,5,0,11.603792
52,5,57.268963,1.5,1,0,7.5,5,0,11.453793
53,5,56.518963,1.5,1,0,7.5,5,0,11.303793
54,5,57.521935,1.5,1,0,7.5,5,0,11.504387
55,5,59.753277,1.5,1,0,7.5,5,0,11.950655
56,5,60.986477,1.5,1,0,7.5,5,0,12.197295
57,5,60.23648,1.5,1,0,7.5,5,0,12.047297
58,5,59.48648,1.5,1,0,7.5,5,0,11.897296
59,5,60.247967,1.5,1,0,7.5,5,0,12.049593
60,5,59.497967,1.5,1,0,7.5,5,0,11.899593
61,5,58.747967,1.5,1,0,7.5,5,0,11.749594
62,5,57.99797,1.5,1,0,7.5,5,0,11.599594
63,5,58.92484,1.5,1,0,7.5,5,0,11.784967
64,5,60.19429,1.5,1,0,7.5,5,0,12.038858
65,5,59.444294,1.5,1,0,7.5,5,0,11.888859
66,5,60.461525,1.5,1,0,7.5,5,0,12.092305
67,5,59.71153,1.5,1,0,7.5,5,0,11.942306
68,5,58.96153,1.5,1,0,7.5,5,0,11.792306
69,5,58.211525,1.5,1,0,7.5,5,0,11.642305
70,5,59.26153,1.5,1,0,7.5,5,0,11.852306
71,5,58.511528,1.5,1,0,7.5,5,0,11.702306
72,5,57.761536,1.5,1,0,7.5,5,0,11.552307
73,5,58.830048,1.5,1,0,7.5,5,0,11.766009
74,5,58.080048,1.5,1,0,7.5,5,0,11.61601
75,5,60.57781,1.5,1,0,7.5,5,0,12.1155615
76,5,59.827812,1.5,1,0,7.5,5,0,11.965563
77,5,62.663864,1.5,1,0,7.5,5,0,12.532773
78,5,61.91386,1.5,1,0,7.5,5,0,12.382772
79,5,61.163864,1.5,1,0,7.5,5,0,12.232773
80,5,62.408882,1.5,1,0,7.5,5,0,12.481776
81,5,61.658886,1.5,1,0,7.5,5,0,12.331778
82,5,62.599396,1.5,1,0,7.5,5,0,12.519879
83,5,61.8494,1.5,1,0,7.5,5,0,12.36988
84,5,61.099403,1.5,1,0,7.5,5,0,12.219881
85,5,60.349403,1.5,1,0,7.5,5,0,12.0698805
86,5,61.52517,1.5,1,0,7.5,5,0,12.305034
87,5,62.580254,1.5,1,0,7.5,5,0,12.51605
88,5,65.24966,1.5,1,0,7.5,5,0,13.049932
89,5,64.49966,1.5,1,0,7.5,5,0,12.899931
90,5,63.749657,1.5,1,0,7.5,5,0,12.749931
91,5,62.999657,1.5,1,0,7.5,5,0,12.599932
92,5,64.92417,1.5,1,0,7.5,5,0,12.984835
93,5,65.72929,1.5,1,0,7.5,5,0,13.145857
94,5,64.97928,1.5,1,0,7.5,5,0,12.995855
95,5,64.22929,1.5,1,0,7.5,5,0,12.845858
96,5,63.479286,1.5,1,0,7.5,5,0,12.695857
97,5,62.729286,1.5,1,0,7.5,5,0,12.545857
98,5,61.97929,1.5,1,0,7.5,5,0,12.395858
99,5,64.75592,1.5,1,0,7.5,5,0,12.951184
100,5,65.64116,1.5,1,0,7.5,5,0,13.128232
101,5,64.89116,1.5,1,0,7.5,5,0,12.978231
102,5,64.14116,1.5,1,0,7.5,5,0,12.828232
103,5,65.59876,1.5,1,0,7.5,5,0,13.119753
104,6,68.49901,1.4853345,1.0041965,0,8.912007,6.0251794,0,11.416501
105,6,71.79993,1.4853345,1.0041965,0,8.912007,6.0251794,0,11.966655
106,6,74.602165,1.4853345,1.0041965,0,8.912007,6.0251794,0,12.433694
107,6,77.99565,1.4853345,1.0041965,0,8.912007,6.0251794,0,12.999275
108,7,81.265045,1.4617983,1.0108817,0,10.232588,7.076172,0,11.609292
109,7,86.45844,1.4617983,1.0108817,0,10.232588,7.076172,0,12.351206
110,7,89.30818,1.4617983,1.0108817,0,10.232588,7.076172,0,12.758311
111,8,94.05274,1.4322762,1.0192034,0,11.45821,8.153627,0,11.756593
112,9,103.69809,1.4198656,1.0227356,0,12.77879,9.20462,0,11.52201
113,9,109.95702,1.4198656,1.0227356,0,12.77879,9.20462,0,12.217447
114,9,117.91461,1.4198656,1.0227356,0,12.77879,9.20462,0,13.101624
115,12,127.325775,1.3783737,1.0264438,0,16.540485,12.317326,0,10.610481
116,13,142.33824,1.3739282,1.0283322,0,17.861067,13.368319,0,10.949096
117,13,158.11665,1.3739282,1.0283322,0,17.861067,13.368319,0,12.16282
118,15,170.37666,1.336127,1.0335586,0,20.041906,15.503379,0,11.358444
119,19,193.27106,1.321463,1.0262952,0,25.107798,19.499609,0,10.172161
120,21,232.57831,1.3174579,1.0275441,0,27.666616,21.578426,0,11.075157
121,25,275.411,1.2950068,1.0228071,0,32.375168,25.570177,0,11.01644
122,31,339.21225,1.2846556,1.0227289,0,39.82432,31.704596,0,10.94233
123,37,397.1542,1.2845838,1.0187943,0,47.529602,37.69539,0,10.733897
124,45,476.8735,1.2604287,1.019785,0,56.719288,45.890327,0,10.597189
125,53,561.78314,1.2672207,1.0204178,0,67.1627,54.08214,0,10.599682
126,69,672.2108,1.2759072,1.0204707,0,88.03759,70.41248,0,9.742186
127,81,798.4405,1.2518834,1.0191132,0,101.40256,82.54817,0,9.85729
128,92,953.913,1.2602602,1.016841,0,115.94394,93.54938,0,10.36862
129,115,1173.4362,1.2672297,1.0145578,0,145.73141,116.67416,0,10.203793
130,146,1358.9364,1.259577,1.0152236,0,183.89824,148.22264,0,9.307783
131,179,1587.2909,1.2661035,1.0141298,0,226.63252,181.52922,0,8.867547
132,215,1925.8771,1.2662785,1.0121977,0,272.24988,217.62251,0,8.957568
133,258,2226.9602,1.263318,1.0147932,0,325.93604,261.81662,0,8.631629
134,330,2624.5588,1.2723331,1.0121928,0,419.86993,334.02365,0,7.9532084
135,388,2873.3833,1.2732722,1.011066,0,494.0296,392.29358,0,7.4056273
136,438,3236.7017,1.2683378,1.0110846,0,555.532,442.85504,0,7.38973
137,543,3612.0955,1.280022,1.0086341,0,695.05194,547.6883,0,6.6521096
138,611,4001.0676,1.2787993,1.0073574,0,781.3464,615.49536,0,6.5483923
139,704,4355.8403,1.281383,1.0054866,0,902.0936,707.86255,0,6.187273
140,819,4932.626,1.2892199,1.0070205,0,1055.8711,824.74976,0,6.0227423
141,918,5232.2925,1.2888986,1.0054238,0,1183.2089,922.97906,0,5.699665
142,1044,5629.461,1.2966726,1.0057714,0,1353.7262,1050.0254,0,5.392204
143,1176,5613.045,1.3013701,1.0039885,0,1530.4113,1180.6904,0,4.7729974
144,1169,6023.5723,1.3076267,1.0046489,0,1528.6156,1174.4346,0,5.152756
145,1244,5637.1934,1.3134465,1.0002377,0,1633.9275,1244.2958,0,4.531506
146,1098,6048.175,1.3216867,0.99763966,0,1451.212,1095.4083,0,5.508356
147,1080,5557.945,1.3237753,0.99712086,0,1429.6774,1076.8905,0,5.146245
148,1000,5730.795,1.320985,0.9934987,0,1320.985,993.49866,0,5.730795
149,1059,6529.79,1.3232472,0.98718506,0,1401.3187,1045.429,0,6.165996
150,1194,7091.086,1.3183429,0.9866816,0,1574.1014,1178.0978,0,5.938933
151,1350,7744.0146,1.3255081,0.98469734,0,1789.436,1329.3414,0,5.736307
152,1488,8417.699,1.3274916,0.9839386,0,1975.3075,1464.1006,0,5.657056
153,1664,8845.851,1.328221,0.98442566,0,2210.1597,1638.0844,0,5.316016
154,1729,9306.825,1.3356458,0.98210156,0,2309.3315,1698.0536,0,5.382779
155,1854,10576.862,1.3452953,0.9833217,0,2494.1775,1823.0785,0,5.704888
156,2100,10587.572,1.3441663,0.98358876,0,2822.7493,2065.5364,0,5.0417013
157,1983,10831.497,1.3553033,0.9812611,0,2687.5664,1945.8407,0,5.4621773
158,1995,11703.032,1.3417956,0.98119396,0,2676.882,1957.4819,0,5.8661814
159,2134,12937.003,1.3505571,0.9771009,0,2882.0889,2085.1333,0,6.0623255
160,2395,14188.788,1.3552736,0.97594315,0,3245.8804,2337.3838,0,5.9243374
161,2686,16326.251,1.3660299,0.9713892,0,3669.1563,2609.1514,0,6.0782766
162,3131,17928.877,1.3787973,0.9688064,0,4317.014,3033.3328,0,5.7262464
163,3559,20035.514,1.393674,0.96474373,0,4960.086,3433.523,0,5.6295347
164,4073,22046.5,1.4149945,0.9594895,0,5763.2725,3908.0007,0,5.412841
165,4468,24194.744,1.4257907,0.9547143,0,6370.4326,4265.6636,0,5.4151173
166,4942,25578.242,1.4261472,0.95230633,0,7048.0195,4706.298,0,5.1756864
167,5266,26206.146,1.4384836,0.9488804,0,7575.0547,4996.804,0,4.9764805
168,5266,26904.19,1.4631217,0.9448386,0,7704.7983,4975.52,0,5.109037
169,5429,29432.645,1.4853251,0.9405907,0,8063.83,5106.467,0,5.421375
170,6017,30308.912,1.4969634,0.9402716,0,9007.229,5657.6143,0,5.0372133
171,6145,31616.414,1.5144157,0.9399794,0,9306.085,5776.1733,0,5.1450634
172,6550,33747.313,1.5179417,0.94331706,0,9942.519,6178.7266,0,5.1522613
173,7001,36283.957,1.5450062,0.94714427,0,10816.588,6630.957,0,5.182682
174,7488,38759.145,1.5947177,0.94776714,0,11941.246,7096.8804,0,5.176168
175,8195,43507.914,1.6475966,0.94969255,0,13502.054,7782.7305,0,5.3090806
176,9312,50573.344,1.6835676,0.9503928,0,15677.382,8850.058,0,5.4309864
177,10853,56932.04,1.6792476,0.95389855,0,18224.875,10352.661,0,5.2457423
178,12309,63037.79,1.7067347,0.9535455,0,21008.197,11737.191,0,5.1212764
179,13717,64949.88,1.6503631,0.9630786,0,22638.031,13210.55,0,4.7349916
180,14561,74618.7,1.5754505,0.9740946,0,22940.135,14183.792,0,5.124559
181,16768,82315.31,1.5785904,0.9741249,0,26469.803,16334.127,0,4.9090714
182,18388,91831.42,1.591331,0.96706134,0,29261.395,17782.324,0,4.9940953
183,16335,80309.47,1.5876868,0.9617419,0,25934.863,15710.055,0,4.9164047
184,17896,92358.75,1.6265587,0.9572123,0,29108.895,17130.271,0,5.16086
185,19838,113251.125,1.7322147,0.95095736,0,34363.676,18865.092,0,5.7087975
186,19128,99543.164,1.7776296,0.9451095,0,34002.5,18078.055,0,5.204055
187,21537,122245.33,1.806868,0.9469328,0,38914.516,20394.092,0,5.676061
188,20509,107029.984,1.7937678,0.94421816,0,36788.383,19364.97,0,5.2186837
189,22175,129221.21,1.8389714,0.9463013,0,40779.19,20984.23,0,5.8273377
190,21110,115992.16,1.8230139,0.95087045,0,38483.824,20072.875,0,5.4946547
191,23385,139526.16,1.9087925,0.95442325,0,44637.113,22319.188,0,5.9664807
192,20632,116599.34,1.886366,0.9606692,0,38919.504,19820.527,0,5.6513834
193,22120,140387.69,1.9776067,0.96257514,0,43744.66,21292.162,0,6.3466406
194,26161,177558.63,2.0214772,0.9583633,0,52883.863,25071.742,0,6.78715
195,24056,133474.89,2.0070262,0.956766,0,48281.023,23015.963,0,5.548507
196,25646,168413.28,2.0349865,0.9507931,0,52189.26,24384.04,0,6.566844
197,31077,216104.1,2.1902118,0.9348711,0,68065.21,29052.988,0,6.9538274
198,28952,165733.06,2.21417,0.92368734,0,64104.652,26742.596,0,5.724408
199,25033,147351.52,2.066192,0.91509086,0,51722.984,22907.469,0,5.8862906
200,27890,185794.95,1.9528521,0.91060483,0,54465.047,25396.77,0,6.661705
201,33709,240448.42,1.8708224,0.8966598,0,63063.555,30225.506,0,7.133063
202,31116,189920.2,1.6914662,0.89601815,0,52631.664,27880.5,0,6.1036186
203,27653,175197.36,1.5758646,0.8909918,0,43577.383,24638.596,0,6.335564
204,33840,236083.14,1.6792412,0.87769556,0,56825.523,29701.219,0,6.9764524
205,30955,190790.2,1.6234802,0.8830329,0,50254.83,27334.283,0,6.16347
206,36869,268212.56,1.6294324,0.87905174,0,60075.543,32409.758,0,7.2747445
207,33833,195078.7,1.6999575,0.8799219,0,57514.66,29770.398,0,5.7659297
208,27601,172993.16,1.6083751,0.89062583,0,44392.76,24582.164,0,6.267641
209,33282,221590.06,1.5160753,0.8886769,0,50458.016,29576.943,0,6.657955
210,29008,156866.9,1.6040539,0.89034504,0,46530.395,25827.129,0,5.407712
211,30010,207920.06,1.7642453,0.87551975,0,52945,26274.348,0,6.9283595
212,38080,256948.14,1.6818771,0.8521356,0,64045.883,32449.324,0,6.7475877
213,32784,182033.95,1.6660327,0.8505754,0,54619.215,27885.264,0,5.552524
214,35717,236336.8,1.6582714,0.85384446,0,59228.48,30496.764,0,6.6169276
215,30889,184587.44,1.6146338,0.85894763,0,49874.42,26532.033,0,5.975831
216,34847,229594,1.6917812,0.8573702,0,58953.5,29876.78,0,6.58863
217,29908,169211.66,1.6290431,0.87044793,0,48721.42,26033.357,0,5.657739
218,32020,229105.77,1.7019662,0.87898827,0,54496.957,28145.205,0,7.155083
219,40721,302550.56,1.8025347,0.8669756,0,73401.016,35304.113,0,7.429841
220,35712,205939.83,1.7438353,0.8773677,0,62275.848,31332.555,0,5.766684
221,38841,269240.03,1.4543817,0.8894314,0,56489.64,34546.406,0,6.9318514
222,33479,216906.17,1.3728817,0.89889497,0,45962.703,30094.105,0,6.4788723
223,39719,304184.78,1.4217895,0.89969224,0,56472.06,35734.875,0,7.65842
224,35885,210830.97,1.4405967,0.90265524,0,51695.813,32391.783,0,5.8751836
225,39215,267028.28,1.691047,0.9143714,0,66314.41,35857.074,0,6.8093405
226,33279,216854.17,1.5772792,0.9247548,0,52490.273,30774.914,0,6.516247
227,39619,295757.16,1.0754027,0.92636347,0,42606.383,36701.594,0,7.4650335
228,35245,214163.75,0.59972775,0.93506,0,21137.404,32956.19,0,6.0764294
229,39672,280117.5,-0.20177406,0.94687265,0,-8004.7803,37564.332,0,7.0608363
230,34255,209160.08,-0.3806081,0.9629511,0,-13037.73,32985.89,0,6.1059723
231,38818,271990.66,-1.152655,0.9918047,0,-44743.76,38499.875,0,7.006818
232,34339,221521.19,-1.2034346,0.9996873,0,-41324.742,34328.26,0,6.451009
233,40896,319353.66,-1.3831081,0.99291974,0,-56563.59,40606.445,0,7.8089213
234,37383,258961.13,-1.286257,0.99256504,0,-48084.15,37105.06,0,6.927243
235,47925,403654.75,-1.5739558,0.984565,0,-75431.83,47185.277,0,8.422634
236,45632,309881.78,-1.6303873,0.9796853,0,-74397.836,44705,0,6.7908874
237,36738,264678.1,-1.6351738,0.9850708,0,-60073.016,36189.53,0,7.2044773
238,47593,394016.84,-2.0952382,1.017013,0,-99718.67,48402.7,0,8.278882
239,43702,305648.66,-2.442299,1.0246708,0,-106733.34,44780.164,0,6.9939284
240,36176,242578.13,-2.6551437,1.0225987,0,-96052.48,36993.53,0,6.7054987
241,41490,342315.06,-3.7884855,1.0900666,0,-157184.27,45226.86,0,8.250544
242,38695,282354.5,-3.9118333,1.0940547,0,-151368.39,42334.445,0,7.2969246
243,49257,418455.44,-4.5251036,1.1039249,0,-222893.03,54376.027,0,8.49535
244,46979,351382.63,-4.5233803,1.0959834,0,-212503.89,51488.203,0,7.479568
245,39059,332464.1,-3.9898608,1.0664726,0,-155839.97,41655.355,0,8.511844
246,54530,497950.03,-5.118444,1.0893594,0,-279108.75,59402.766,0,9.131671
247,51533,422114.53,-5.257983,1.0902991,0,-270959.66,56186.383,0,8.19115
248,43706,427056.5,-4.829734,1.0577497,0,-211088.34,46230.01,0,9.771118
249,66476,642400.75,-5.6829257,1.0636065,0,-377778.16,70704.305,0,9.66365
250,63605,541263.5,-5.777441,1.059931,0,-367474.13,67416.914,0,8.509764
251,54197,548764.2,-5.3186536,1.0245031,0,-288255.06,55524.992,0,10.1253605
252,50313,532056.25,-5.1529427,1.0098939,0,-259260,50810.79,0,10.574926
253,46597,519457.6,-5.1797934,1.0085131,0,-241362.83,46993.684,0,11.147877
254,71616,815896.06,-6.1860685,1.0250107,0,-443021.47,73407.164,0,11.392651
255,70636,710008.25,-6.1687546,1.022044,0,-435736.16,72193.09,0,10.051648
256,64160,679219.7,-5.6984773,0.9858166,0,-365614.3,63249.992,0,10.586342
257,58301,678938.7,-5.626687,0.98375946,0,-328041.47,57354.16,0,11.645404
258,53261,657958.2,-5.509021,0.9818294,0,-293415.97,52293.215,0,12.353471
259,49549,635645.1,-5.3805375,0.9830629,0,-266600.25,48709.785,0,12.828617
260,74036,879328.1,-6.4943724,1.0174712,0,-480817.34,75329.5,0,11.877034
261,69334,752257.1,-6.677069,1.0300518,0,-462947.9,71417.62,0,10.849758
262,57840,679182.3,-6.283451,1.0155352,0,-363434.8,58738.56,0,11.742433
263,46404,624071.4,-6.5348625,1.0499016,0,-303243.75,48719.637,0,13.448655
264,62564,847051.5,-8.70456,1.1382962,0,-544592.1,71216.37,0,13.53896
265,58221,662332.7,-9.050142,1.154261,0,-526908.3,67202.23,0,11.376182
266,40409,625698.06,-9.346124,1.1982878,0,-377667.53,48421.613,0,15.484126
267,57520,831142.1,-11.763124,1.2790769,0,-676614.94,73572.51,0,14.449619
268,53490,687192.9,-12.0584,1.2972594,0,-645003.8,69390.41,0,12.847128
269,39762,670086.5,-11.21475,1.2802433,0,-445920.9,50905.035,0,16.852434
270,58592,899374.6,-13.641227,1.350601,0,-799266.75,79134.414,0,15.349786
271,55709,798954.2,-13.696898,1.3535756,0,-763040.5,75406.34,0,14.341564
272,45617,816918.9,-11.933765,1.2674657,0,-544382.56,57817.984,0,17.90821
273,72743,1083853.8,-13.65658,1.2903451,0,-993420.56,93863.57,0,14.899767
274,68349,949040.3,-13.846254,1.2977632,0,-946377.6,88700.82,0,13.885211
275,54485,943731.4,-12.133315,1.2240198,0,-661083.7,66690.72,0,17.32094
276,46167,968521.7,-12.1953535,1.2373587,0,-563022.9,57125.14,0,20.978657
277,73433,1310071.6,-14.612703,1.286781,0,-1073054.6,94492.19,0,17.840366
278,70620,1156944.5,-14.768897,1.2912399,0,-1042979.5,91187.36,0,16.382675
279,58013,1152358.4,-13.356575,1.2313595,0,-774855,71434.86,0,19.863796
280,51155,1121903.8,-13.12873,1.2271615,0,-671600.2,62775.45,0,21.931458
281,72693,1459662.1,-17.039684,1.3515292,0,-1238665.8,98246.72,0,20.079817
282,67990,1298087.4,-17.56318,1.3741866,0,-1194120.6,93430.95,0,19.092327
283,56076,1351073.9,-15.90466,1.3098769,0,-891869.75,73452.66,0,24.09362
284,51436,1407173.3,-15.3801365,1.2817854,0,-791092.7,65929.914,0,27.35775
285,84059,1815377.4,-17.937502,1.3270615,0,-1507808.5,111551.47,0,21.596466
286,80550,1551024.3,-18.124037,1.3320446,0,-1459891.1,107296.195,0,19.255423
287,60105,1569061.5,-17.612886,1.3243506,0,-1058622.5,79600.09,0,26.105341
288,51317,1592523,-17.781809,1.333495,0,-912509.06,68430.96,0,31.033049
289,78887,1963960.8,-21.816061,1.4315954,0,-1721003.6,112934.266,0,24.895874
290,73406,1720839.1,-22.51865,1.4614723,0,-1653004,107280.836,0,23.442759
291,55379,1755351.8,-21.573128,1.4440873,0,-1194698.3,79972.11,0,31.697065
292,82903,2157930.5,-25.74647,1.5416021,0,-2134459.5,127803.445,0,26.029583
293,78612,1955564.1,-26.050812,1.5495625,0,-2047906.4,121814.2,0,24.876152
294,62193,2039587.3,-23.498667,1.4541444,0,-1461452.6,90437.6,0,32.794483
295,55706,2120922.3,-22.774145,1.4222832,0,-1268656.5,79229.7,0,38.073498
296,86598,2644637.3,-27.401651,1.5283389,0,-2372928.3,132351.1,0,30.539242
297,83646,2386099.3,-27.56835,1.5278013,0,-2305982.3,127794.46,0,28.526161
298,66858,2500708.8,-25.480656,1.4526035,0,-1703585.6,97118.164,0,37.403282
299,60504,2631928.3,-24.846935,1.4251736,0,-1503339,86228.7,0,43.50007
300,101205,3308469.8,-28.370985,1.4784548,0,-2871285.5,149627.02,0,32.690773
301,99273,2986199.3,-28.201895,1.4692665,0,-2799686.8,145858.5,0,30.080679
302,82342,3000872,-25.637375,1.3799096,0,-2111032.8,113624.52,0,36.444
303,70242,3224746.8,-25.847841,1.3878274,0,-1815604,97483.77,0,45.909096
304,66068,3365243.5,-25.566677,1.3716455,0,-1689139.3,90621.875,0,50.936058
305,59377,3578886.3,-26.1998,1.3980473,0,-1555665.5,83011.86,0,60.27395
306,101819,4357957.5,-30.03794,1.4521413,0,-3058433,147855.58,0,42.801025
307,100690,3932724.3,-29.987097,1.4449706,0,-3019400.8,145494.1,0,39.057743
308,83245,4064486.8,-28.5595,1.396876,0,-2377435.5,116282.945,0,48.825596
309,76621,4156684.5,-27.733522,1.3620365,0,-2124970.3,104360.59,0,54.24994
310,66510,4344981,-28.982254,1.4022033,0,-1927609.8,93260.54,0,65.32824
311,59418,4528860,-30.205626,1.4367083,0,-1794757.9,85366.336,0,76.22034
312,94669,5224901,-36.50877,1.5673475,0,-3456248.8,148379.22,0,55.191257
313,89760,4739814,-37.607056,1.5973997,0,-3375609.3,143382.6,0,52.805416
314,71087,4778801.5,-36.992325,1.5806801,0,-2629673.5,112365.81,0,67.224686
315,59493,4963873.5,-38.253197,1.623939,0,-2275797.5,96613.01,0,83.436264
316,97289,5729153,-44.052708,1.7161641,0,-4285844,166963.89,0,58.88798
317,94320,5089885.5,-44.222317,1.7168967,0,-4171049,161937.69,0,53.964012
318,70980,5238348.5,-43.39291,1.6971765,0,-3080028.8,120465.586,0,73.80035
319,64183,5535192,-42.464275,1.6634322,0,-2725484.5,106764.07,0,86.24078
320,111302,6500785,-47.079258,1.7040968,0,-5240015.5,189669.38,0,58.406723
321,108603,5830196.5,-47.09168,1.6996937,0,-5114297.5,184591.83,0,53.683567
322,86642,5898426.5,-44.35359,1.6264449,0,-3842883.5,140918.44,0,68.07814
323,69899,6211321.5,-46.351162,1.6872532,0,-3239900,117937.31,0,88.86138
324,58140,6540850.5,-49.174255,1.7698333,0,-2858991.3,102898.11,0,112.50173
325,90491,7456824,-59.13643,1.9444753,0,-5351314.5,175957.52,0,82.40404
326,88077,6869937.5,-59.403526,1.948393,0,-5232084.5,171608.61,0,77.99922
327,67288,7090059,-58.257847,1.9264914,0,-3920054,129629.75,0,105.36885
328,56486,7460621.5,-59.41751,1.9651726,0,-3356257.5,111004.74,0,132.07913
329,90485,8434459,-69.80935,2.1165104,0,-6316699,191512.44,0,93.21389
330,85847,7671384,-71.27855,2.1455827,0,-6119049.5,184191.83,0,89.36112
331,61937,7981735.5,-70.4539,2.1524093,0,-4363703.5,133313.78,0,128.86862
332,96414,9049322,-81.57919,2.2965438,0,-7865376,221418.97,0,93.859
333,89998,8247813,-83.143265,2.3299623,0,-7482727.5,209691.94,0,91.6444
334,67618,8659237,-76.51347,2.2087374,0,-5173688,149350.4,0,128.06113
335,109627,9997952,-85.252304,2.2714689,0,-9345954,249014.33,0,91.19972
336,103239,9185604,-86.64047,2.2920144,0,-8944676,236625.28,0,88.97417
337,76057,9613276,-81.02483,2.1931343,0,-6162506,166803.22,0,126.395676
338,64164,10382926,-80.97394,2.1915264,0,-5195612,140617.1,0,161.81856
339,104929,11924283,-93.24759,2.319587,0,-9784376,243391.95,0,113.64144
340,101135,11158054,-93.804565,2.3275402,0,-9486925,235395.77,0,110.328316
341,78231,11811535,-87.820335,2.2279642,0,-6870272.5,174295.86,0,150.98279
342,65503,12601207,-89.42591,2.266448,0,-5857665.5,148459.14,0,192.37602
343,101912,14345402,-105.98137,2.4347723,0,-10800773,248132.5,0,140.76263
344,98568,13354143,-106.71203,2.439195,0,-10518391,240426.56,0,135.48152
345,73500,14072055,-102.62577,2.3646832,0,-7542994,173804.2,0,191.45653
346,63921,15010277,-102.22622,2.346212,0,-6534402,149972.22,0,234.82544
347,104429,16893346,-117.03563,2.470359,0,-12221914,257977.14,0,161.76872
348,96293,15691959,-121.962975,2.5416152,0,-11744181,244739.77,0,162.96054
349,68116,16474784,-121.94013,2.5431838,0,-8306074,173231.52,0,241.86365
350,103157,18521344,-142.56175,2.7413013,0,-14706242,282784.4,0,179.5452
351,94413,17003944,-147.72585,2.8106563,0,-13947240,265362.5,0,180.10173
352,63018,17958724,-147.19563,2.8346784,0,-9275974,178635.77,0,284.9777
353,97654,20361204,-168.33945,3.008685,0,-16439020,293810.13,0,208.50354
354,88925,18996236,-175.31444,3.1063998,0,-15589836,276236.6,0,213.62086
355,63015,20157774,-165.98035,2.9870315,0,-10459252,188227.78,0,319.8885
356,90723,22948550,-200.27525,3.333982,0,-18169572,302468.84,0,252.95184
357,86262,21472916,-201.58617,3.3369768,0,-17389226,287854.28,0,248.92671
358,62776,23081868,-185.71764,3.1421206,0,-11658610,197249.77,0,367.6862
359,100935,26320386,-207.39708,3.2683952,0,-20933624,329895.47,0,260.7657
360,95718,24938856,-209.21451,3.2800317,0,-20025594,313958.06,0,260.5451
361,71678,26742798,-190.0738,3.0486956,0,-13624110,218524.4,0,373.0963
362,113501,30634846,-214.341,3.1764905,0,-24327918,360534.84,0,269.90817
363,106853,28700492,-216.98277,3.198308,0,-23185260,341748.8,0,268.5979
364,77492,30720712,-200.25763,3.0094728,0,-15518364,233210.08,0,396.4372
365,120132,35197536,-228.07036,3.1708095,0,-27398548,380915.7,0,292.9905
366,113748,33044596,-230.2488,3.1797779,0,-26190340,361693.38,0,290.50705
367,83183,35461696,-211.47508,2.9792466,0,-17591132,247822.67,0,426.30942
368,70779,38778560,-210.78264,2.9599712,0,-14918984,209503.8,0,547.88226
369,109660,43808710,-253.06929,3.2529175,0,-27751578,356714.94,0,399.49582
370,106124,41469750,-253.57303,3.2466025,0,-26910184,344542.44,0,390.76694
371,81071,44192920,-236.40067,3.0561507,0,-19165238,247765.19,0,545.1138
372,129001,50008450,-268.96634,3.190686,0,-34696930,411601.7,0,387.6594
373,122253,46374428,-272.08987,3.1974714,0,-33263802,390900.47,0,379.3316
374,89861,49358684,-253.84679,2.989001,0,-22810926,268594.63,0,549.27814
375,74498,53888140,-259.21274,3.0268085,0,-19310830,225491.19,0,723.35016
376,117828,60585020,-307.55576,3.3083537,0,-36238680,389816.7,0,514.1819
377,113327,57275216,-310.39157,3.3121467,0,-35175744,375355.66,0,505.3978
378,82586,60666264,-303.08456,3.229906,0,-25030542,266745.03,0,734.5829
379,130329,68238600,-343.8855,3.4051132,0,-44818252,443785,0,523.5872
380,118409,63595720,-358.59625,3.5233166,0,-42461024,417192.4,0,537.0852
381,77431,67620430,-362.91235,3.6038268,0,-28100666,279047.9,0,873.2992
382,123648,76492890,-404.21942,3.744755,0,-49980924,463031.47,0,618.6343
383,114083,71451870,-415.24677,3.8158438,0,-47372596,435322.9,0,626.3148
384,75165,76318390,-413.7028,3.8250303,0,-31095970,287508.4,0,1015.3448
385,107997,86668070,-495.5569,4.285701,0,-53518656,462842.84,0,802.50446
386,100180,81316220,-508.6058,4.363886,0,-50952130,437174.1,0,811.7012
387,65608,87248296,-506.65875,4.377233,0,-33240868,287181.5,0,1329.8423
388,98382,99199790,-593.6504,4.8007326,0,-58404510,472305.7,0,1008.31244
389,90720,93423140,-613.2948,4.9155984,0,-55638104,445943.1,0,1029.7965
390,61198,100433000,-599.9721,4.81654,0,-36717092,294762.6,0,1641.1157
391,96845,114273820,-677.1602,5.0692134,0,-65579584,490927.97,0,1179.9662
392,91741,107610456,-683.72626,5.086626,0,-62725732,466652.16,0,1172.9811
393,62065,115935260,-669.3992,4.975472,0,-41546260,308802.66,0,1867.9652
394,97418,131891370,-759.40936,5.2663608,0,-73980140,513038.3,0,1353.8706
395,92025,124264630,-768.74615,5.2943707,0,-70743864,487214.44,0,1350.3356
396,63715,133577576,-736.0433,5.0878105,0,-46896996,324169.84,0,2096.4856
397,101467,152008050,-823.0369,5.309175,0,-83511090,538706.06,0,1498.1033
398,95664,143213310,-833.2858,5.339271,0,-79715460,510776.03,0,1497.045
399,66864,153762770,-791.49255,5.0940084,0,-52922360,340605.78,0,2299.6345
400,107053,174866850,-880.2298,5.290187,0,-94231240,566330.4,0,1633.4604
401,101537,164380940,-886.91473,5.2967525,0,-90054664,537816.4,0,1618.9265
402,70724,176829070,-847.797,5.052466,0,-59959596,357330.6,0,2500.2698
403,112364,201341040,-950.5299,5.275028,0,-106805340,592723.25,0,1791.8643
404,107336,189470670,-954.355,5.2621813,0,-102436650,564821.5,0,1765.2108
405,77284,203440820,-885.10565,4.9151607,0,-68404504,379863.28,0,2632.3794
406,128290,231615360,-956.2254,4.9784393,0,-122674160,638684,0,1805.4047
407,119635,217704350,-976.71655,5.0448723,0,-116849490,603543.3,0,1819.7379
408,83835,233281250,-926.965,4.806321,0,-77712110,402937.94,0,2782.6235
409,126128,265932220,-1071.9141,5.1897025,0,-135198380,654566.8,0,2108.4314
410,118090,250711600,-1093.0841,5.2476463,0,-129082300,619694.56,0,2123.0552
411,82580,269819940,-1038.461,5.0087705,0,-85756110,413624.28,0,3267.3762
412,126652,306937380,-1196.5377,5.3698444,0,-151543890,680101.56,0,2423.4705
413,115516,289582850,-1242.9219,5.5284224,0,-143577360,638621.25,0,2506.8635
414,79034,310683840,-1198.5094,5.348482,0,-94722990,422711.94,0,3931.015
415,119640,352970620,-1394.5917,5.8001857,0,-166848940,693934.2,0,2950.2727
416,111947,332983940,-1423.592,5.8672256,0,-159366860,656818.3,0,2974.4785
417,77345,358318340,-1366.514,5.6469936,0,-105693020,436766.72,0,4632.728
418,122251,407546700,-1537.4519,5.9267564,0,-187955040,724551.9,0,3333.688
419,115045,383780350,-1564.1351,5.970825,0,-179945920,686913.56,0,3335.915
420,80688,413923360,-1487.3503,5.667063,0,-120011320,457264,0,5129.925
421,131291,470916100,-1636.7935,5.822798,0,-214896260,764480.94,0,3586.8118
422,124013,443905250,-1659.8666,5.8533897,0,-205845040,725896.44,0,3579.5059
423,88768,477583040,-1552.8127,5.484975,0,-137840080,486890.25,0,5380.126
424,140744,543951400,-1745.0554,5.733707,0,-245606080,806984.9,0,3864.8286
425,131195,511864860,-1783.4857,5.807367,0,-233984420,761897.5,0,3901.5576
426,92271,552711800,-1690.339,5.4952626,0,-155969260,507053.38,0,5990.0923
427,143823,628180700,-1935.0232,5.8526735,0,-278300830,841749.06,0,4367.7344
428,132889,591996400,-1993.0383,5.9722333,0,-264852860,793644.1,0,4454.819
429,86545,635874370,-2009.162,5.9836216,0,-173882930,517852.53,0,7347.3267
430,123866,723824640,-2439.1538,6.7416477,0,-302128220,835060.94,0,5843.6104
431,112064,684587650,-2558.0325,6.985882,0,-286663360,782865.9,0,6108.899
432,73834,736317300,-2556.7288,6.946736,0,-188773520,512905.28,0,9972.6045
433,111109,839495200,-2991.084,7.5662417,0,-332336350,840677.56,0,7555.6
434,104682,791827460,-3040.8853,7.633001,0,-318325950,799037.8,0,7564.1226
435,70548,853468300,-2981.7314,7.434518,0,-210355180,524490.4,0,12097.696
436,116525,973513660,-3222.1665,7.526591,0,-375462940,877036,0,8354.548
437,111267,916872500,-3233.173,7.505612,0,-359745470,835126.94,0,8240.291
438,76495,985293500,-3106.8289,7.1895475,0,-237656880,549964.44,0,12880.495
439,123377,1120757900,-3426.0454,7.405882,0,-422695200,913715.5,0,9084.01
440,111749,1058069200,-3614.2898,7.7006836,0,-403893280,860543.7,0,9468.266
441,72773,1136718100,-3670.7502,7.7107506,0,-267131500,561134.44,0,15620.053
442,116186,1293321600,-4090.0996,8.000546,0,-475212320,929551.44,0,11131.476
443,109174,1218299900,-4161.768,8.068484,0,-454356860,880868.7,0,11159.249
444,74654,1312374100,-4015.283,7.7537,0,-299756930,578844.7,0,17579.422
445,121248,1492104100,-4414.0386,7.9834967,0,-535193380,967983,0,12306.216
446,113449,1407443100,-4509.1777,8.087631,0,-511561730,917533.6,0,12405.954
447,76000,1513507600,-4448.959,7.920208,0,-338120900,601935.8,0,19914.574
448,104720,1723380500,-5744.4854,9.383828,0,-601562500,982674.44,0,16457.033
449,97515,1625489300,-5902.0737,9.554325,0,-575540740,931690,0,16669.121
450,125709,1856280200,-6349.7935,9.68954,0,-798226200,1218062.4,0,14766.486
451,114166,1710810900,-6486.488,9.794474,0,-740536400,1118195.9,0,14985.292
452,68317,1855563100,-6479.157,9.760202,0,-442636580,666787.75,0,27161.074
453,111752,2134685400,-6922.227,9.807808,0,-773572740,1096042.1,0,19101.988
454,105715,2034756100,-6980.6147,9.829836,0,-737955700,1039161.1,0,19247.563
455,69833,2208405800,-6903.163,9.688661,0,-482068580,676588.25,0,31624.1
456,116691,2525946600,-7354.7075,9.702641,0,-858228160,1132210.9,0,21646.457
457,111411,2395275800,-7371.1655,9.670847,0,-821228900,1077438.8,0,21499.455
458,76850,2587547000,-7085.7236,9.310319,0,-544537860,715498,0,33670.098
459,131398,2953462800,-7411.6045,9.185932,0,-973870000,1207013.1,0,22477.229
460,126075,2785976800,-7403.4644,9.13036,0,-933391740,1151110.1,0,22097.773
461,89842,3003893200,-6926.239,8.596006,0,-622267140,772282.4,0,33435.29
462,152776,3418651000,-7282.1313,8.534612,0,-1112534900,1303883.9,0,22376.885
463,145949,3227288000,-7291.187,8.503617,0,-1064141440,1241094.5,0,22112.438
464,100776,3475438300,-6999.652,8.15841,0,-705396900,822171.94,0,34486.766
465,85360,3799857700,-7039.988,8.127203,0,-600933400,693738.06,0,44515.67
466,147321,4277651000,-7698.569,8.333968,0,-1134160900,1227768.5,0,29036.26
467,126581,4057082400,-8546.5205,9.028703,0,-1081827100,1142862.3,0,32051.275
468,63296,4314749400,-11439.324,11.493514,0,-724063500,727493.44,0,68167.805
469,97356,4861160000,-13291.85,12.484866,0,-1294041300,1215476.6,0,49931.797
470,183537,5223875000,-14175.256,12.594814,0,-2601684000,2311614.5,0,28462.244
471,150537,4296407000,-14489.013,12.713847,0,-2181132500,1913904.4,0,28540.54
472,67241,4631009000,-14955.414,13.17646,0,-1005617000,885998.4,0,68871.805
473,104667,5371995000,-16089.858,13.384962,0,-1684077200,1400963.9,0,51324.63
474,98249,5124193300,-16262.907,13.438335,0,-1597814400,1320303,0,52155.168
475,121172,5936038000,-17524.139,13.705114,0,-2123434900,1660676.1,0,48988.527
476,110309,5549147000,-17773.49,13.77423,0,-1960576000,1519421.5,0,50305.48
477,62942,6058049500,-18186.992,14.091183,0,-1144725600,886927.25,0,96248.125
478,101684,6998164500,-19551.758,14.262311,0,-1988101000,1450248.9,0,68822.67
479,95798,6688835000,-19754.453,14.31474,0,-1892437100,1371323.5,0,69822.28
480,119910,7751294000,-21330.68,14.588599,0,-2557761800,1749318.9,0,64642.598
481,109637,7226021000,-21632.844,14.66209,0,-2371760000,1607507.6,0,65908.59
482,62905,7868237000,-22152.84,14.976039,0,-1393524400,942067.75,0,125081.266
483,101708,9100845000,-23807.393,15.140843,0,-2421402400,1539944.9,0,89480.13
484,96055,8677327000,-24056.385,15.190993,0,-2310736100,1459170.9,0,90337.06
485,120312,10015784000,-25951.932,15.47571,0,-3122328800,1861913.6,0,83248.42
486,109778,9311074000,-26315.402,15.545254,0,-2888852200,1706526.9,0,84817.305
487,62911,10147676000,-26942.656,15.863447,0,-1694989400,997985.3,0,161302.1
488,101964,11716395000,-28900.58,16.04946,0,-2946818800,1636467.1,0,114907.17
489,96183,11182819000,-29198.838,16.104115,0,-2808431900,1548942.1,0,116266.07
490,120562,12902244000,-31491.354,16.412502,0,-3796660500,1978724,0,107017.51
491,110013,11980932000,-31930.744,16.48199,0,-3512797000,1813233.3,0,108904.695
492,62964,13044004000,-32715.941,16.787601,0,-2059926500,1057014.5,0,207166.06
493,101912,15064051000,-35129.703,16.973394,0,-3580138200,1729792.5,0,147814.3
494,96204,14362029000,-35478.84,17.031708,0,-3413206300,1638518.4,0,149287.23
495,120728,16584378000,-38292.91,17.318918,0,-4623026700,2090878.3,0,137369.78
496,110215,15355953000,-38805.875,17.405657,0,-4276989700,1918364.4,0,139327.25
497,62967,16730098000,-39679.15,17.733437,0,-2498477000,1116621.3,0,265696.28
498,102080,19335746000,-42580.12,17.940805,0,-4346579000,1831397.5,0,189417.56
499,96409,18452240000,-43000.668,18.005848,0,-4145651500,1735925.9,0,191395.4
500,121076,21287127000,-46284.434,18.353464,0,-5603934000,2222164,0,175816.23
501,110502,19777702000,-46922.75,18.434206,0,-5185058000,2037016.6,0,178980.48
502,63313,21522233000,-48091.016,18.805902,0,-3044786400,1190658.1,0,339933.88
503,102430,24846258000,-51607.086,19.016119,0,-5286114000,1947821.1,0,242568.17
504,96622,23679685000,-52143.28,19.077017,0,-5038188000,1843259.5,0,245075.5
505,121108,27371127000,-56151.656,19.432446,0,-6800414700,2353424.5,0,226005.94
506,110690,25436390000,-56942.06,19.510895,0,-6302916600,2159661,0,229798.44
507,63426,27735122000,-58345.94,19.885365,0,-3700649700,1261249.1,0,437283.16
508,102772,32002263000,-62681.445,20.113434,0,-6441897500,2067097.9,0,311390.88
509,96880,30576552000,-63349.215,20.179228,0,-6137272000,1954963.6,0,315612.63
510,121706,35365745000,-68428.125,20.534489,0,-8328113000,2499170.5,0,290583.4
511,111135,32989667000,-69455.28,20.626118,0,-7718913000,2292283.5,0,296843.2
512,63866,35929657000,-71342.055,21.010473,0,-4556331500,1341854.9,0,562578.8
513,103150,41488820000,-76775.09,21.248425,0,-7919351300,2191775,0,402218.3
514,97228,39701053000,-77603.12,21.321163,0,-7545195500,2073014,0,408329.44
515,122274,45984686000,-83917.62,21.702862,0,-10260943000,2653695.8,0,376079.03
516,111765,42861750000,-85182.125,21.800398,0,-9520380000,2436521.5,0,383498.84
517,64294,46596660000,-87374.03,22.201046,0,-5617626000,1427394,0,724743.56
518,103614,53817504000,-94111.25,22.42302,0,-9751243000,2323338.8,0,519403.78
519,97647,51600867000,-95152.25,22.501474,0,-9291332000,2197201.5,0,528442.94
520,122866,59630110000,-102922.164,22.916279,0,-12645635000,2815631.5,0,485326.38
521,112065,55603614000,-104523.68,23.0082,0,-11713446000,2578414,0,496172.88
522,64446,60536103000,-107319.72,23.394419,0,-6916326400,1507676.8,0,939330.6
523,103888,69990590000,-115772.63,23.64432,0,-12027387000,2456361,0,673711.94
524,98051,66952080000,-117048.03,23.718359,0,-11476677000,2325608.8,0,682829.1
525,123138,77516595000,-126777.99,24.09719,0,-15611188000,2967280,0,629509.94
526,112546,72188895000,-128733.336,24.194979,0,-14488422000,2723048,0,641416.8
527,64668,78566965000,-132168.95,24.619173,0,-8547101700,1592072.6,0,1214928
528,104170,90718720000,-142752.5,24.863283,0,-14870528000,2590008.3,0,870871.8
529,98198,86904510000,-144399.5,24.93135,0,-14179742000,2448208.8,0,884992.7
530,123586,100355930000,-156421.92,25.30101,0,-19331560000,3126850.8,0,812033.2
531,112575,93714390000,-158979.45,25.402824,0,-17897112000,2859723,0,832461.8
532,64823,102197970000,-163689.11,25.786005,0,-10610819000,1671526.3,0,1576569.6
533,104642,118202080000,-176764.39,26.031166,0,-18496979000,2723953.3,0,1129585.5
534,98688,113249740000,-178890.56,26.109783,0,-17654352000,2576722.3,0,1147553.3
535,124116,130917180000,-193790.78,26.54356,0,-24052537000,3294480.5,0,1054797
536,113183,122421500000,-196966.94,26.632534,0,-22293310000,3014350,0,1081624.5
537,65097,133050870000,-202947.88,27.085663,0,-13211298000,1763195.4,0,2043886.4
538,104642,153642500000,-219399.08,27.33807,0,-22958359000,2860710.3,0,1468268
539,98505,147526320000,-222045.52,27.427387,0,-21872593000,2701734.8,0,1497653.1
540,124036,170848300000,-240548.53,27.908438,0,-29836677000,3461651,0,1377409
541,113231,159601560000,-244300.34,28.037292,0,-27662373000,3174690.8,0,1409521.8
542,65049,174197310000,-250947.77,28.572285,0,-16323901000,1858598.5,0,2677939.8
543,105024,201055520000,-270421.8,28.92753,0,-28400781000,3038085,0,1914376.9
544,98899,192885110000,-273535.6,29.017311,0,-27052397000,2869783,0,1950324.3
545,124410,223204490000,-295755.44,29.538267,0,-36794933000,3674855.8,0,1794104.1
546,113547,207926250000,-300258.06,29.677244,0,-34093402000,3369762,0,1831191
547,65084,226489120000,-308190.66,30.272327,0,-20058280000,1970244.1,0,3479951
548,104956,261496730000,-332005,30.629707,0,-34845917000,3214771.5,0,2491489.3
549,98839,251569960000,-335880.94,30.737926,0,-33198135000,3038106,0,2545250
550,124788,290682730000,-363405.53,31.296322,0,-45348650000,3905405.5,0,2329412.5
551,113705,270818120000,-369094.28,31.447798,0,-41967866000,3575771.8,0,2381760.8
552,65075,294631050000,-379119.63,32.05938,0,-24671210000,2086264.1,0,4527561
553,104982,340167000000,-408778.25,32.367207,0,-42914357000,3397974.3,0,3240241.3
554,98752,325868260000,-413851.75,32.491886,0,-40868688000,3208638.8,0,3299865
555,123930,377772540000,-448238.84,33.046738,0,-55550240000,4095482.3,0,3048273.5
556,113287,352413580000,-455512.25,33.183277,0,-51603616000,3759234,0,3110803.3
557,65052,383967130000,-468250.1,33.80079,0,-30460604000,2198809,0,5902464.5
558,105032,443140150000,-504944.28,34.149258,0,-53035307000,3586765,0,4219096.5
559,98855,424491650000,-511035.5,34.265617,0,-50518413000,3387327.5,0,4294083.5
560,124424,491146700000,-552473.5,34.866398,0,-68740964000,4338216.5,0,3947363
561,113558,458414800000,-560933.25,35.037933,0,-63698460000,3978837.5,0,4036834
562,65109,499572150000,-576282.1,35.765617,0,-37521154000,2328663.5,0,7672858.5
563,105038,576915960000,-621803.25,36.149494,0,-65312970000,3797070.5,0,5492450
564,98967,553553800000,-629069.8,36.269184,0,-62257150000,3589452.5,0,5593317
565,124574,639957340000,-680890.75,36.937134,0,-84821290000,4601406.5,0,5137166
566,113536,596188600000,-691688.6,37.12528,0,-78531560000,4215055.5,0,5251097.5
567,65151,648746240000,-708595.3,37.884716,0,-46165692000,2468227.3,0,9957579
568,104954,749679350000,-764118.7,38.321568,0,-80197310000,4022001.8,0,7142932.5
569,98887,717449100000,-772912.7,38.481884,0,-76431020000,3805358,0,7255241.5
570,124296,828987600000,-834074,39.271774,0,-103672060000,4881324.5,0,6669463.5
571,113322,772086300000,-847353.4,39.45474,0,-96023780000,4471090,0,6813207.5
572,65081,841621960000,-868961.8,40.25663,0,-56552903000,2619941.8,0,12931915
573,105072,971956360000,-937922.75,40.728004,0,-98549420000,4279373,0,9250384
574,98975,928885240000,-949138.25,40.8752,0,-93940960000,4045622.8,0,9385049
575,124274,1074335800000,-1025699.56,41.660793,0,-127467790000,5177353.5,0,8644896
576,113381,1000453200000,-1042130.2,41.85293,0,-118157760000,4745327,0,8823817
577,65133,1090705360000,-1068652.9,42.683346,0,-69604565000,2780094.3,0,16745818
578,105132,1259261300000,-1152582.6,43.196545,0,-121173310000,4541339,0,11977906
579,99018,1205385200000,-1165958.4,43.355015,0,-115450860000,4292927,0,12173394
580,124558,1392630700000,-1256929.5,44.27284,0,-156560620000,5514536,0,11180580
581,113573,1294109900000,-1275797.9,44.500893,0,-144896200000,5054100,0,11394521
582,65061,1408068700000,-1304484.9,45.48733,0,-84871094000,2959451.3,0,21642286
583,104912,1625747500000,-1404001.6,46.04398,0,-147296620000,4830566,0,15496297
584,98874,1555086600000,-1419171,46.22852,0,-140319110000,4570798.5,0,15727963
585,124332,1799333100000,-1527762.8,47.192818,0,-189949800000,5867577.5,0,14472003
586,113543,1671272900000,-1550042.8,47.432487,0,-175996500000,5385627,0,14719295
587,65078,1818527000000,-1580482.5,48.50067,0,-102854640000,3156326.8,0,27943806
588,104840,2100570200000,-1701897.8,49.140915,0,-178426950000,5151933.5,0,20035962
589,98817,2011199300000,-1720869.3,49.34238,0,-170051140000,4875866,0,20352766
590,124388,2324650500000,-1851190.6,50.376675,0,-230265900000,6266254,0,18688704
591,113544,2160568000000,-1877595.1,50.634323,0,-213189660000,5749223.5,0,19028466
592,65155,2349587500000,-1913263.9,51.760525,0,-124658704000,3372457,0,36061508
593,105006,2705772800000,-2054757.1,52.544903,0,-215761830000,5517530,0,25767792
594,98810,2586784800000,-2077111.5,52.730972,0,-205239390000,5210347.5,0,26179382
595,124384,2989104600000,-2228042.3,53.895092,0,-277132800000,6703687,0,24031262
596,113488,2780207800000,-2260059.3,54.20404,0,-256489600000,6151508,0,24497812
597,65062,3024479600000,-2304852.5,55.535114,0,-149958310000,3613225.5,0,46486116
598,104854,3493164000000,-2475256.5,56.401016,0,-259540550000,5913872,0,33314552
599,98873,3335029800000,-2500803.8,56.633392,0,-247261970000,5599513.5,0,33730440
600,124126,3860987000000,-2682854,57.909817,0,-333011940000,7188114,0,31105386
601,113431,3594481300000,-2719742.5,58.26939,0,-308503120000,6609555,0,31688704
602,65129,3914418600000,-2772008.8,59.72884,0,-180538160000,3890079.5,0,60102544
603,104902,4521046000000,-2980345.8,60.695415,0,-312644240000,6367070.5,0,43097810
604,98885,4335244000000,-3012228,60.956406,0,-297864170000,6027674,0,43841268
605,124514,5009022000000,-3238774.5,62.35104,0,-403272760000,7763577.5,0,40228584
606,113448,4660777000000,-3288997.5,62.72685,0,-373130200000,7116235.5,0,41082940
607,65116,5066867000000,-3355886.8,64.12295,0,-218521930000,4175430,0,77812936
608,104694,5843506000000,-3615745.8,65.01301,0,-378546880000,6806471.5,0,55815100
609,98565,5591809400000,-3656395.5,65.23662,0,-360392620000,6430047.5,0,56732200
610,124130,6462962000000,-3925996.8,66.520775,0,-487334000000,8257223.5,0,52066076
611,113341,6009718000000,-3981840.8,66.851555,0,-451305800000,7577022.5,0,53023336
612,65167,6539898000000,-4057571.8,68.2507,0,-264419770000,4447693.5,0,100355980
613,105066,7544926400000,-4365203.5,69.09234,0,-458634500000,7259256,0,71811304
614,98945,7186333300000,-4412521,69.38787,0,-436596870000,6865583,0,72629576
615,124326,8302142400000,-4734935,70.67414,0,-588675550000,8786633,0,66777204
616,113495,7685331000000,-4802573,71.01725,0,-545068020000,8060102.5,0,67715150
617,64987,8344649000000,-4893646.5,72.42872,0,-318023400000,4706925,0,128404900
618,104886,9631380000000,-5253635,73.29917,0,-551032800000,7688056.5,0,91827130
619,98937,9163813000000,-5308681.5,73.54184,0,-525225030000,7276009,0,92622710
620,124256,10575242000000,-5690478,74.95876,0,-707076000000,9314076,0,85108504
621,113296,9808836000000,-5772178.5,75.36551,0,-653964740000,8538611,0,86577070
622,65123,10642723000000,-5883663,76.76723,0,-383161800000,4999312,0,163424960
623,104952,12277919000000,-6315689,77.759,0,-662844200000,8160962.5,0,116986040
624,98940,11698888000000,-6385346,78.02055,0,-631766100000,7719353.5,0,118242250
625,124500,13507089000000,-6861336,79.367035,0,-854236300000,9881196,0,108490670
626,113538,12525217000000,-6961780,79.79782,0,-790426550000,9060085,0,110317400
627,65056,13609228000000,-7107820.5,81.47868,0,-462406400000,5300677,0,209192510
628,104780,15727173000000,-7646986,82.57876,0,-801251200000,8652602,0,150097090
629,98782,15030247000000,-7736166,82.90458,0,-764193900000,8189480,0,152155730
630,124156,17379080000000,-8328116,84.6031,0,-1033985600000,10503983,0,139977760
631,113359,16149920000000,-8454715,84.99098,0,-958418060000,9634493,0,142467020
632,64958,17584054000000,-8658883,86.6477,0,-562463700000,5628461,0,270698800
633,104718,20308015000000,-9334330,87.71154,0,-977472300000,9184977,0,193930510
634,98604,19444898000000,-9439902,88.14436,0,-930812130000,8691387,0,197201920
635,124160,22478687000000,-10173929,89.81421,0,-1263195000000,11151332,0,181046130
636,113238,20954885000000,-10331270,90.272995,0,-1169892300000,10222333,0,185051710
637,65098,22820342000000,-10570788,92.17471,0,-688137200000,6000389.5,0,350553660
638,104892,26352003000000,-11378711,93.4984,0,-1193535700000,9807234,0,251229860
639,98737,25301373000000,-11514106,93.89459,0,-1136868300000,9270870,0,256250180
640,124574,29264672000000,-12406044,95.7389,0,-1545470500000,11926578,0,234917970
641,113676,27214544000000,-12595136,96.23587,0,-1431764700000,10939709,0,239404480
642,65026,29670370000000,-12899409,98.258644,0,-838797000000,6389366.5,0,456284700
643,104946,34271622000000,-13905079,99.491005,0,-1459282400000,10441183,0,326564350
644,98846,32729431000000,-14071928,99.899765,0,-1390953800000,9874692,0,331115400
645,124040,37868850000000,-15177991,101.77966,0,-1882678000000,12624749,0,305295460
646,113199,35246690000000,-15414230,102.30027,0,-1744875400000,11580288,0,311369280
647,64993,38484807000000,-15763538,104.4116,0,-1024519630000,6786023,0,592137700
648,105054,44446817000000,-16985248,105.68606,0,-1784368300000,11102743,0,423085440
649,98966,42541462000000,-17179582,106.111664,0,-1700194500000,10501447,0,429859360
650,124622,49200285000000,-18505474,108.18665,0,-2306189300000,13482437,0,394796130
651,113661,45686242000000,-18783874,108.79077,0,-2134993900000,12365268,0,401951780
652,65052,49797370000000,-19216704,110.99419,0,-1250085000000,7220394,0,765501000
653,104946,57474913000000,-20690536,112.54209,0,-2171389000000,11810842,0,547661760
654,98824,54956086000000,-20920290,113.03353,0,-2067426800000,11170426,0,556100600
655,124114,63564967000000,-22524674,115.42097,0,-2795627300000,14325358,0,512149860
656,113245,59251230000000,-22854946,116.088776,0,-2588208300000,13146473,0,523212770
657,65064,64603585000000,-23358256,118.65273,0,-1519781500000,7720021.5,0,992923650
658,104952,74815490000000,-25188344,120.34653,0,-2643567000000,12630609,0,712854340
659,99039,71485650000000,-25480234,120.888214,0,-2523536800000,11972648,0,721792960
660,124344,82714140000000,-27448868,123.3918,0,-3413102000000,15343030,0,665204100
661,113429,76944830000000,-27853582,124.18317,0,-3159404000000,14085972,0,678352400
662,65057,83872540000000,-28483974,126.71436,0,-1853081900000,8243656.5,0,1289216300
663,104866,96865600000000,-30693152,128.5797,0,-3218668000000,13483639,0,923708350
664,98786,92703610000000,-31045788,129.13977,0,-3066889200000,12757202,0,938428600
665,124384,107022670000000,-33360246,131.89674,0,-4149480800000,16405845,0,860421500
666,113312,99539580000000,-33871572,132.6569,0,-3838055500000,15031620,0,878455800
667,65109,108578640000000,-34599492,135.3076,0,-2252738400000,8809743,0,1667644200
668,105038,125589820000000,-37263650,137.44806,0,-3914099000000,14437269,0,1195660800
669,99080,119889140000000,-37681148,138.08864,0,-3733448000000,13681822,0,1210023600
670,124270,138528160000000,-40614730,140.96518,0,-5047192000000,17517742,0,1114735400
671,113332,128634380000000,-41215268,141.8022,0,-4671008700000,16070727,0,1135022600
672,64921,141156100000000,-42146750,144.68939,0,-2736209300000,9393380,0,2174274800
673,105376,163109450000000,-45435012,146.8252,0,-4787760000000,15471852,0,1547880400
674,99263,155639150000000,-45992132,147.42075,0,-4565317000000,14633426,0,1567947300
675,124430,180106550000000,-49544980,150.41226,0,-6164882000000,18715798,0,1447452800
676,113554,168036450000000,-50305828,151.30925,0,-5712428000000,17181770,0,1479793300
677,65281,182921900000000,-51552580,154.49359,0,-3365404000000,10085496,0,2802069500
678,105000,211306800000000,-55663750,156.60501,0,-5844694000000,16443526,0,2012445700
679,98865,202208020000000,-56284550,157.43301,0,-5564572000000,15564615,0,2045294200
680,124256,234134250000000,-60634772,160.56233,0,-7534234000000,19950834,0,1884289300
681,113437,217695720000000,-61542812,161.52841,0,-6981232000000,18323298,0,1919089200
682,64980,237084310000000,-62970084,164.98793,0,-4091796000000,10720916,0,3648573400
683,104672,274294040000000,-67864730,167.44861,0,-7103536700000,17527180,0,2620510200
684,98753,262278700000000,-68637890,168.1072,0,-6778197600000,16601090,0,2655906300
685,124336,303046500000000,-73895656,171.33452,0,-9187890000000,21303048,0,2437319000
686,113284,283149640000000,-75043976,172.31036,0,-8501281700000,19520008,0,2499467300
687,65255,308009920000000,-76723624,175.87119,0,-5006600000000,11476474,0,4720097000
688,104860,355630700000000,-82661704,178.58037,0,-8667906000000,18725938,0,3391481000
689,98731,340436150000000,-83608936,179.34778,0,-8254794000000,17707186,0,3448118300
690,124220,394034400000000,-89955450,182.94131,0,-11174265000000,22724970,0,3172068900
691,113399,366085300000000,-91329610,184.0023,0,-10356687000000,20865678,0,3228294000
692,64941,399106880000000,-93296536,188.03696,0,-6058770000000,12211308,0,6145684500
693,104822,460627560000000,-100548600,190.44101,0,-10539705000000,19962408,0,4394379000
694,98684,440308500000000,-101686100,191.32698,0,-10034791000000,18880912,0,4461802500
695,123998,509769130000000,-109447290,195.24852,0,-13571245000000,24210426,0,4111107600
696,113216,475050200000000,-111080990,196.40512,0,-12576146000000,22236202,0,4195963400
697,65028,518761350000000,-113686664,200.58575,0,-7392816300000,13043690,0,7977507300
698,104996,599107540000000,-122332344,203.8621,0,-12844407000000,21404706,0,5706003500
699,98910,573993300000000,-123760690,204.67569,0,-12241170000000,20244472,0,5803187700
700,124386,664385500000000,-133579496,208.74234,0,-16615420000000,25964624,0,5341320000
701,113494,618490600000000,-135668380,209.9552,0,-15397548000000,23828656,0,5449544000
702,65045,674894400000000,-138932320,214.41577,0,-9036852000000,13946674,0,10375807000
703,104872,779705100000000,-149945660,217.37633,0,-15725102000000,22796690,0,7434826000
704,98755,748186260000000,-151762430,218.33813,0,-14987299000000,21561982,0,7576186000
705,124504,865412900000000,-163442780,222.80269,0,-20349280000000,27739826,0,6950884400
706,113519,807363700000000,-166021810,224.07452,0,-18846630000000,25436716,0,7112146400
707,65230,881397150000000,-170199840,228.44035,0,-11102136000000,14901164,0,13512144000
708,105244,1017948900000000,-183642880,231.66263,0,-19327310000000,24381102,0,9672275000
709,99127,975504040000000,-185798060,232.6281,0,-18417604000000,23059726,0,9840952000
710,124764,1129309600000000,-200391040,237.09558,0,-25001588000000,29580994,0,9051566000
711,113854,1051589460000000,-203467120,238.48224,0,-23165546000000,27152156,0,9236298000
712,65238,1144892800000000,-208522430,243.2163,0,-13603586000000,15866945,0,17549478000
713,105012,1322897200000000,-225053620,246.5165,0,-23633330000000,25887190,0,12597581000
714,98966,1264170300000000,-227751920,247.44781,0,-22539697000000,24488920,0,12773785000
715,124178,1462648600000000,-245882540,252.06763,0,-30533204000000,31301254,0,11778645000
716,113372,1365796200000000,-249522240,253.52231,0,-28288836000000,28742332,0,12047033000
717,65162,1486859800000000,-256233980,258.57797,0,-16696719000000,16849458,0,22817896000
718,104938,1720429300000000,-276075000,262.1738,0,-28970758000000,27511994,0,16394721000
719,99018,1646911200000000,-279293600,263.14297,0,-27655095000000,26055890,0,16632443000
720,124406,1906938800000000,-301282880,268.2918,0,-37481400000000,33377110,0,15328350000
721,113553,1775518800000000,-306069820,269.67422,0,-34755148000000,30622316,0,15636037000
722,65120,1940119300000000,-313932800,274.43832,0,-20443304000000,17871424,0,29792987000
723,105140,2238397600000000,-338584320,278.44373,0,-35598757000000,29275572,0,21289687000
724,98923,2143117700000000,-342727800,279.4642,0,-33903664000000,27645436,0,21664504000
725,124144,2484404200000000,-370944420,284.699,0,-46050520000000,35343670,0,20012278000
726,113356,2315680700000000,-376910200,286.20108,0,-42725034000000,32442608,0,20428392000
727,65002,2528870300000000,-386983550,291.33426,0,-25154705000000,18937310,0,38904500000
728,104926,2920002500000000,-417756740,294.95032,0,-43833543000000,30947956,0,27829160000
729,98837,2805358800000000,-422522200,296.0487,0,-41760827000000,29260566,0,28383690000
730,124548,3248426800000000,-457991400,300.9612,0,-57041914000000,37484116,0,26081726000
731,113657,3029895700000000,-465339620,302.4017,0,-52889104000000,34370070,0,26658240000
732,65252,3307977400000000,-478252800,307.34573,0,-31206951000000,20054924,0,50695418000
733,105360,3820512000000000,-515972600,311.21603,0,-54362873000000,32789720,0,36261503000
734,99184,3664129500000000,-522377800,312.43832,0,-51811520000000,30988884,0,36942746000
735,124628,4235894000000000,-567425000,317.26712,0,-70717050000000,39540370,0,33988300000
736,113565,3955888200000000,-576497200,318.93433,0,-65469906000000,36219776,0,34833690000
737,65306,4316834600000000,-593314240,323.74817,0,-38746980000000,21142698,0,66101654000
738,105212,4991324000000000,-641281800,327.37753,0,-67470543000000,34444044,0,47440634000
739,99076,4783310400000000,-649729200,328.545,0,-64372570000000,32550926,0,48279204000
740,124522,5532159500000000,-704224300,333.80237,0,-87691420000000,41565740,0,44427166000
741,113567,5164791600000000,-715350400,335.24747,0,-81240196000000,38073050,0,45477925000
742,65128,5647319400000000,-737239360,340.53455,0,-48014924000000,22178334,0,86711080000
743,105126,6525758300000000,-797176500,344.5573,0,-83803980000000,36221932,0,62075590000
744,98945,6242586000000000,-807487200,345.79562,0,-79896830000000,34214748,0,63091480000
745,124402,7230167000000000,-873786050,350.75366,0,-108700730000000,43634456,0,58119377000
746,113472,6741149300000000,-888541800,352.38196,0,-100824620000000,39985484,0,59408040000
747,65084,7360704000000000,-915824200,357.43787,0,-59605500000000,23263486,0,113095450000
748,104856,8499804700000000,-992166100,361.36218,0,-104034570000000,37890990,0,81061690000
749,98649,8163136700000000,-1005038200,362.60245,0,-99146015000000,35770370,0,82749310000
750,124306,9456034000000000,-1093047000,367.0309,0,-135872305000000,45624144,0,76070620000
751,113428,8831579000000000,-1111269600,368.69263,0,-126049090000000,41820068,0,77860660000
752,65133,9653632000000000,-1146310900,373.34137,0,-74662670000000,24316844,0,148214140000
753,105054,11145229000000000,-1243019300,377.15723,0,-130584140000000,39621876,0,106090470000
754,98818,10670796000000000,-1259355400,378.41034,0,-124446980000000,37393750,0,107984330000
755,123880,12376487000000000,-1368574600,383.3909,0,-169539020000000,47494464,0,99907070000
756,113312,11539493000000000,-1390412400,384.80194,0,-157550400000000,43602676,0,101838225000
757,65117,12586117000000000,-1431458700,389.72806,0,-93212300000000,25377922,0,193284650000
758,105096,14505906000000000,-1548233200,393.04578,0,-162713120000000,41307540,0,138025290000
759,98796,13875161000000000,-1568355100,394.23688,0,-154947200000000,38949028,0,140442530000
760,124328,16050123000000000,-1699268700,399.1109,0,-211266690000000,49620660,0,129095000000
761,113367,14963626000000000,-1728111100,400.80032,0,-195910770000000,45437532,0,131992790000
762,65076,16312575000000000,-1782964000,406.13315,0,-116028160000000,26429520,0,250669600000
763,104866,18841618000000000,-1928740700,410.24805,0,-202259320000000,43021070,0,179673270000
764,98739,18017774000000000,-1953748900,411.60846,0,-192911200000000,40641810,0,182478800000
765,124162,20838408000000000,-2117337700,416.929,0,-262892880000000,51766736,0,167832420000
766,113251,19432524000000000,-2151190500,418.83365,0,-243624490000000,47433330,0,171588100000
767,65052,21161400000000000,-2217167600,424.41046,0,-144231200000000,27608750,0,325299770000
768,104724,24475077000000000,-2395677400,429.306,0,-250884910000000,44958640,0,233710300000
769,98735,23360192000000000,-2426556000,430.52866,0,-239586000000000,42508250,0,236594840000
770,123658,27065580000000000,-2627928300,436.75256,0,-324964370000000,54007948,0,218874480000
771,113006,25283180000000000,-2671275800,438.4512,0,-301870200000000,49547616,0,223733070000
772,65035,27595324000000000,-2748590000,445.18292,0,-178754560000000,28952472,0,424314960000
773,104854,31951690000000000,-2975177000,449.9799,0,-311959200000000,47182190,0,304725520000
774,98932,30507612000000000,-3013008100,451.4154,0,-298082900000000,44659428,0,308369520000
775,124092,35357826000000000,-3257583900,458.18,0,-404240100000000,56856470,0,284932370000
776,113382,32979355000000000,-3312281600,459.95343,0,-375553100000000,52150440,0,290869400000
777,65084,35937415000000000,-3414590700,466.89127,0,-222235210000000,30387152,0,552169770000
778,104860,41507917000000000,-3692562000,471.85532,0,-387202040000000,49478748,0,395841270000
779,98716,39683020000000000,-3739747000,473.1357,0,-369172870000000,46706064,0,401991760000
780,123828,46020580000000000,-4055286000,479.08203,0,-502157950000000,59323770,0,371649220000
781,113159,42931540000000000,-4122749700,481.03943,0,-466526230000000,54433940,0,379391300000
782,65097,46813910000000000,-4232544000,487.89218,0,-275525910000000,31760318,0,719140800000
783,105004,54148066000000000,-4579706000,492.50037,0,-480887460000000,51714508,0,515676200000
784,98981,51769753000000000,-4639030000,494.04703,0,-459175800000000,48901268,0,523027200000
785,124134,59932530000000000,-5022100500,501.85278,0,-623413400000000,62296990,0,482805120000
786,113293,55803680000000000,-5103260000,504.25012,0,-578163700000000,57128010,0,492560700000
787,65105,60857655000000000,-5236345300,511.3155,0,-340912260000000,33289196,0,934761600000
788,104998,70257150000000000,-5657239000,517.229,0,-593998800000000,54308010,0,669128460000
789,98889,67273555000000000,-5725636000,518.78937,0,-566202450000000,51302560,0,680293600000
790,124450,77918270000000000,-6184102000,526.95734,0,-769611500000000,65579844,0,626101000000
791,113682,72590060000000000,-6281652000,529.3729,0,-714110800000000,60180172,0,638536060000
792,65315,79099760000000000,-6438429000,537.78827,0,-420526000000000,35125640,0,1211050500000
793,105296,91331286000000000,-6949245400,544.4211,0,-731727740000000,57325364,0,867376560000
794,99169,87051380000000000,-7035187000,546.24475,0,-697672500000000,54170548,0,877808300000
795,124288,100638694000000000,-7591768600,555.20996,0,-943565700000000,69005940,0,809721700000
796,113374,93722840000000000,-7712180000,557.92596,0,-874360700000000,63254300,0,826669660000
797,65148,102158670000000000,-7892752400,567.3773,0,-514197040000000,36963496,0,1568101400000
798,105122,117929630000000000,-8520555500,574.83246,0,-895697850000000,60427536,0,1121836000000
799,98994,112684145000000000,-8625565000,576.739,0,-853879160000000,57093700,0,1138292700000
800,124382,130379625000000000,-9303229000,586.62695,0,-1157154200000000,72965830,0,1048219400000
801,113574,121150340000000000,-9452107000,589.2901,0,-1073513500000000,66928030,0,1066708430000
802,65151,131888090000000000,-9683634000,599.6131,0,-630898500000000,39065390,0,2024344800000
803,104978,152311690000000000,-10461125000,606.0791,0,-1098187900000000,63624972,0,1450891500000
804,98903,145527670000000000,-10588616000,608.28577,0,-1047245900000000,60161290,0,1471418100000
805,124284,168313880000000000,-11425585000,617.9468,0,-1420017400000000,76800900,0,1354268300000
806,113414,156688600000000000,-11606408000,621.25684,0,-1316329200000000,70459224,0,1381563100000
807,65205,170375580000000000,-11901351000,631.1992,0,-776027600000000,41157344,0,2612922000000
808,104936,196483200000000000,-12833234000,639.1885,0,-1346668200000000,67073884,0,1872409800000
809,98800,187661480000000000,-12981485000,641.59204,0,-1282570700000000,63389296,0,1899407700000
810,124210,216890330000000000,-14015823000,650.84937,0,-1740905400000000,80842000,0,1746158400000
811,113287,201375470000000000,-14241139000,653.7793,0,-1613335900000000,74064696,0,1777569100000
812,64955,219063070000000000,-14583095000,663.7451,0,-947245000000000,43113564,0,3372536000000
813,104680,252907170000000000,-15740919000,671.0415,0,-1647759400000000,70244620,0,2416002700000
814,98544,241591800000000000,-15938834000,673.632,0,-1570676500000000,66382390,0,2451613700000
815,123960,279570970000000000,-17205340000,683.4245,0,-2132773900000000,84717304,0,2255332000000
816,113183,260272560000000000,-17487722000,686.3271,0,-1979312900000000,77680560,0,2299573000000
817,65062,284037100000000000,-17958978000,695.6689,0,-1168447000000000,45261610,0,4365637400000
818,104986,328159930000000000,-19424516000,703.7399,0,-2039302300000000,73882840,0,3125749500000
819,98901,313549620000000000,-19660866000,706.42834,0,-1944479300000000,69866470,0,3170338300000
820,124222,363019200000000000,-21242538000,717.5096,0,-2638790600000000,89130470,0,2922342300000
821,113403,337891540000000000,-21586051000,720.4397,0,-2447923000000000,81700024,0,2979564400000
822,65026,368523600000000000,-22199180000,731.18256,0,-1443523900000000,47545876,0,5667327000000
823,104782,426127550000000000,-24014326000,739.8646,0,-2516269100000000,77524500,0,4066801000000
824,98780,409065160000000000,-24309391000,742.4729,0,-2401281600000000,73341470,0,4141174000000
825,124454,472800750000000000,-26319640000,753.5992,0,-3275584500000000,93788430,0,3799000000000
826,113350,441695950000000000,-26773324000,756.8903,0,-3034756200000000,85793520,0,3896744000000
827,65130,482315070000000000,-27550267000,769.3746,0,-1794348900000000,50109364,0,7405421000000
828,105028,557818430000000000,-29808126000,777.73987,0,-3130687800000000,81684460,0,5311140000000
829,98947,534799430000000000,-30181636000,780.6886,0,-2986382300000000,77246790,0,5404908000000
830,124476,619309060000000000,-32698800000,791.72095,0,-4070216000000000,98550260,0,4975329000000
831,113557,577121900000000000,-33250546000,795.3413,0,-3775832200000000,90316580,0,5082222000000
832,65052,629690500000000000,-34197398000,808.02765,0,-2224609000000000,52563816,0,9679802000000
833,104984,727789400000000000,-36927610000,817.20184,0,-3876808500000000,85793120,0,6932384400000
834,98890,697316050000000000,-37393840000,819.9209,0,-3697876600000000,81081976,0,7051431400000
835,124334,807678300000000000,-40474500000,832.2273,0,-5032357000000000,103474150,0,6496037400000
836,113477,754386500000000000,-41137530000,835.7069,0,-4668163400000000,94833510,0,6647924000000
837,65248,822186500000000000,-42297483000,847.73206,0,-2759826300000000,55312820,0,12600945000000
838,104930,949856340000000000,-45724060000,859.25397,0,-4797826000000000,90161520,0,9052285000000
839,98750,911044000000000000,-46306824000,862.6073,0,-4572799000000000,85182470,0,9225762000000
840,124178,1056487300000000000,-50135920000,875.4618,0,-6225778400000000,108713096,0,8507846300000
841,113406,985550800000000000,-50964898000,879.3188,0,-5779725000000000,99720024,0,8690464700000
842,65013,1075175900000000000,-52435042000,892.43195,0,-3408959300000000,58019680,0,16537861000000
843,104804,1242659000000000000,-56735592000,902.9078,0,-5946117000000000,94628344,0,11856981000000
844,98692,1192217800000000000,-57447360000,906.146,0,-5669594700000000,89429360,0,12080187000000
845,124162,1377962000000000000,-62299070000,918.6031,0,-7735177000000000,114055600,0,11098098000000
846,113143,1285800800000000000,-63332094000,922.569,0,-7165583300000000,104382220,0,11364387000000
847,65026,1404851900000000000,-65161040000,934.4804,0,-4237162000000000,60765524,0,21604466000000
848,104902,1623707400000000000,-70490550000,945.4095,0,-7394599600000000,99175340,0,15478326000000
849,98774,1551344400000000000,-71389410000,948.72516,0,-7051418000000000,93709380,0,15705999000000
850,123968,1795209900000000000,-77173820000,961.1326,0,-9567084000000000,119149690,0,14481236000000
851,113125,1675222100000000000,-78414230000,965.38794,0,-8870610000000000,109209510,0,14808593000000
852,65104,1828620700000000000,-80512650000,979.38824,0,-5241695000000000,63762092,0,28087687000000
853,105228,2109890400000000000,-87001014000,989.12177,0,-9154943000000000,104083304,0,20050656000000
854,99018,2013449000000000000,-88053180000,992.47363,0,-8718849600000000,98272750,0,20334172000000
855,124372,2324731500000000000,-94993740000,1005.7149,0,-11814562000000000,125082776,0,18691760000000
856,113368,2163502200000000000,-96466520000,1010.0647,0,-10936216000000000,114509016,0,19083888000000
857,65139,2354429300000000000,-98710540000,1025.2568,0,-6429906000000000,66784210,0,36144696000000
858,104920,2714891000000000000,-106539700000,1037.2657,0,-11178145000000000,108829920,0,25875820000000
859,98712,2593379300000000000,-107837900000,1040.889,0,-10644895000000000,102748240,0,26272179000000
860,124330,2992319200000000000,-116245920000,1054.1829,0,-14452856000000000,131066550,0,24067556000000
861,113241,2780968400000000000,-118101344000,1058.8748,0,-13373914000000000,119908040,0,24557964000000
862,65070,3026347200000000000,-120983340000,1073.5153,0,-7872385700000000,69853640,0,46509100000000
863,104938,3498263400000000000,-130385300000,1085.7756,0,-13682372000000000,113939120,0,33336480000000
864,98975,3331730000000000000,-131920100000,1089.4374,0,-13056792000000000,107827064,0,33662339000000
865,124152,3847721200000000000,-142276800000,1104.745,0,-17663951000000000,137156300,0,30992018000000
866,113171,3585771600000000000,-144554180000,1109.2656,0,-16359341000000000,125536700,0,31684544000000
867,65222,3900660000000000000,-147808290000,1125.6646,0,-9640353000000000,73418100,0,59805893000000
868,105072,4503527300000000000,-159444860000,1137.6722,0,-16753190000000000,119537500,0,42861345000000
869,99020,4305020400000000000,-161336970000,1141.1935,0,-15975586000000000,113000984,0,43476270000000
870,124528,4977736500000000000,-174155560000,1157.1022,0,-21687244000000000,144091620,0,39972830000000
871,113529,4637220500000000000,-176916740000,1163.393,0,-20085180000000000,132078840,0,40846133000000
872,65353,5047087000000000000,-181033660000,1181.3616,0,-11831093000000000,77205520,0,77228080000000
873,105048,5825019000000000000,-195510760000,1196.3826,0,-20538014000000000,125677600,0,55451023000000
874,98895,5569081000000000000,-197930610000,1200.8098,0,-19574348000000000,118754090,0,56313070000000
875,124232,6439805000000000000,-214010300000,1218.5806,0,-26586928000000000,151386700,0,51836925000000
876,113328,5995833700000000000,-217325880000,1224.6117,0,-24629108000000000,138782800,0,52906905000000
877,65093,6536575000000000000,-222702600000,1244.3516,0,-14496380000000000,80998580,0,100419020000000
878,105022,7564627400000000000,-240260280000,1260.9548,0,-25232615000000000,132428000,0,72028976000000
879,99099,7213650000000000000,-243093960000,1265.7056,0,-24090368000000000,125430160,0,72792356000000
880,124386,8348156000000000000,-262349750000,1284.1481,0,-32632635000000000,159730050,0,67114916000000
881,113505,7776795000000000000,-266569350000,1290.0431,0,-30256954000000000,146426340,0,68515000000000
882,65135,8504134000000000000,-273931120000,1309.1852,0,-17842504000000000,85273780,0,130561670000000
883,105324,9814952000000000000,-295759640000,1325.5459,0,-31150588000000000,139611790,0,93188180000000
884,99112,9384527000000000000,-299562370000,1330.338,0,-29690224000000000,131852456,0,94686086000000
885,124386,10853626000000000000,-324595150000,1347.5415,0,-40375093000000000,167615300,0,87257610000000
886,113420,10112216000000000000,-330022680000,1353.3958,0,-37431173000000000,153502140,0,89157255000000
887,65169,11051372000000000000,-339438470000,1371.8337,0,-22120866000000000,89401030,0,169580190000000
888,105382,12743554000000000000,-366781460000,1385.4137,0,-38652163000000000,145997660,0,120927240000000
889,99025,12190223000000000000,-371765600000,1390.4736,0,-36814090000000000,137691650,0,123102480000000
890,124164,14124926000000000000,-403539760000,1409.9607,0,-50105110000000000,175066350,0,113760240000000
891,113330,13165814000000000000,-410531500000,1415.538,0,-46525534000000000,160422910,0,116172360000000
892,65008,14363956000000000000,-422248870000,1434.8826,0,-27449555000000000,93278850,0,220956740000000
893,104872,16590240000000000000,-456534820000,1450.4863,0,-47877720000000000,152115410,0,158195120000000
894,98709,15901900000000000000,-462319900000,1455.8191,0,-45635136000000000,143702450,0,161098790000000
895,124362,18393130000000000000,-499824360000,1476.2058,0,-62159160000000000,183583900,0,147899920000000
896,113402,17108846000000000000,-508100870000,1482.115,0,-57619653000000000,168074800,0,150869000000000
897,65067,18700795000000000000,-521663970000,1501.8346,0,-33943110000000000,97719870,0,287408270000000
898,105212,21590000000000000000,-563708760000,1517.9725,0,-59308924000000000,159708930,0,205204730000000
899,99042,20648265000000000000,-570669400000,1523.0498,0,-56520236000000000,150845900,0,208479900000000
900,124452,23867325000000000000,-616563150000,1546.3013,0,-76732520000000000,192440290,0,191779370000000
901,113494,22193627000000000000,-626393100000,1553.0103,0,-71091853000000000,176257340,0,195548900000000
902,65154,24146188000000000000,-641951330000,1575.3092,0,-41825697000000000,102637700,0,370601800000000
903,104916,27877334000000000000,-693105850000,1590.9069,0,-72717890000000000,166911580,0,265710990000000
904,98890,26626468000000000000,-701147900000,1595.8229,0,-69336513000000000,157810930,0,269253400000000
905,124326,30743733000000000000,-757121400000,1618.9956,0,-94129880000000000,201283250,0,247283210000000
906,113350,28611327000000000000,-768780340000,1625.9915,0,-87141250000000000,184306130,0,252415760000000
907,65138,31137389000000000000,-787653460000,1651.0862,0,-51306170000000000,107548450,0,478021870000000
908,105024,35954560000000000000,-849657900000,1668.086,0,-89234470000000000,175189070,0,342346140000000
909,99011,34309137000000000000,-859409350000,1673.4281,0,-85090980000000000,165687790,0,346518430000000
910,124548,39588150000000000000,-925391800000,1699.0961,0,-115255700000000000,211619020,0,317854560000000
911,113584,36689883000000000000,-939821560000,1705.813,0,-106748690000000000,193753060,0,323019830000000
912,65082,39932360000000000000,-961256800000,1733.5115,0,-62560515000000000,112820390,0,613569900000000
913,105070,46052520000000000000,-1035793330000,1754.4415,0,-108830800000000000,184339170,0,438303220000000
914,98892,44026180000000000000,-1048343150000,1760.9633,0,-103672750000000000,174145180,0,445194530000000
915,124130,50870845000000000000,-1132641100000,1791.9769,0,-140594750000000000,222438100,0,409819100000000
916,113253,47281634000000000000,-1150637300000,1800.0479,0,-130313120000000000,203860820,0,417486830000000
917,65047,51462120000000000000,-1177824400000,1832.1288,0,-76613944000000000,119174480,0,791152840000000
918,104772,59387200000000000000,-1271602900000,1857.4291,0,-133228380000000000,194606560,0,566823200000000
919,98733,56833060000000000000,-1286379700000,1864.1274,0,-127008120000000000,184050900,0,575623800000000
920,124248,65687314000000000000,-1388147400000,1897.048,0,-172474530000000000,235704420,0,528679030000000
921,113330,61096600000000000000,-1410069000000,1906.0104,0,-159803120000000000,216008160,0,539103500000000
922,65033,66753097000000000000,-1444748300000,1939.9568,0,-93956320000000000,126161210,0,1026449600000000
923,105050,77079680000000000000,-1560368600000,1965.2743,0,-163916720000000000,206452060,0,733742750000000
924,98940,73571880000000000000,-1579475800000,1972.5864,0,-156273330000000000,195167700,0,743601000000000
925,124146,85154460000000000000,-1704685600000,2008.277,0,-211629900000000000,249319550,0,685921850000000
926,113272,79524545000000000000,-1732768300000,2018.5583,0,-196274130000000000,228646140,0,702067100000000
927,65105,86704725000000000000,-1780431700000,2056.6978,0,-115915010000000000,133901310,0,1331767500000000
928,104940,100225160000000000000,-1925310400000,2082.8652,0,-202042080000000000,218575890,0,955071140000000
929,98860,96068430000000000000,-1950143300000,2090.3213,0,-192791170000000000,206649150,0,971762400000000
930,124184,111169880000000000000,-2108202300000,2128.9863,0,-261804990000000000,264386030,0,895202900000000
931,113282,103788450000000000000,-2143350300000,2137.9934,0,-242803000000000000,242196160,0,916195440000000
932,65075,113315880000000000000,-2200719900000,2179.1733,0,-143211840000000000,141809710,0,1741312100000000
933,105122,130884105000000000000,-2375307500000,2206.676,0,-249697060000000000,231970190,0,1245068600000000
934,99000,125165530000000000000,-2404862100000,2215.1355,0,-238081340000000000,219298420,0,1264298200000000
935,124382,144844886000000000000,-2593991200000,2259.631,0,-322645800000000000,281057440,0,1164516500000000
936,113515,135018420000000000000,-2634591200000,2270.6199,0,-299065600000000000,257749420,0,1189432400000000
937,65144,147061300000000000000,-2700488200000,2314.6614,0,-175920600000000000,150786300,0,2257480400000000
938,104996,169995900000000000000,-2912786800000,2344.6633,0,-305830980000000000,246180270,0,1619070200000000
939,98957,162453070000000000000,-2949194200000,2352.9788,0,-291843400000000000,232843710,0,1641653100000000
940,124312,187954650000000000000,-3181402000000,2398.5532,0,-395486460000000000,298168960,0,1511959100000000
941,113482,174966970000000000000,-3231116700000,2410.272,0,-366673600000000000,273522500,0,1541803700000000
942,65213,190324920000000000000,-3308021400000,2454.667,0,-215726000000000000,160076200,0,2918512000000000
943,105134,219748530000000000000,-3565349200000,2485.2825,0,-374839420000000000,261287680,0,2090175800000000
944,98916,210502750000000000000,-3612069900000,2494.4553,0,-357291500000000000,246741550,0,2128096000000000
945,124510,243307410000000000000,-3899136000000,2540.029,0,-485481420000000000,316259000,0,1954119400000000
946,113500,226411240000000000000,-3962390000000,2553.1438,0,-449731250000000000,289781820,0,1994812700000000
947,64991,247330700000000000000,-4065156000000,2601.6814,0,-264198540000000000,169085870,0,3805614800000000
948,104972,285973230000000000000,-4388099200000,2636.2932,0,-460627550000000000,276736960,0,2724281000000000
949,98966,274093380000000000000,-4440162600000,2647.5896,0,-439425100000000000,262021340,0,2769571300000000
950,124604,317247770000000000000,-4789216000000,2698.0273,0,-596755500000000000,336185000,0,2546048000000000
951,113724,295148930000000000000,-4865988000000,2711.9023,0,-553379630000000000,308408400,0,2595309200000000
952,65123,321854800000000000000,-4992475000000,2765.2834,0,-325124940000000000,180083550,0,4942260000000000
953,104968,371776720000000000000,-5394720000000,2803.7573,0,-566273000000000000,294304800,0,3541810200000000
954,98777,355799920000000000000,-5463773500000,2815.1628,0,-539695150000000000,278073340,0,3602052400000000
955,124050,412050900000000000000,-5902696000000,2866.4255,0,-732229460000000000,355580100,0,3321651700000000
956,113267,384613070000000000000,-5999707600000,2879.732,0,-679568900000000000,326178600,0,3395632300000000
957,65022,420148900000000000000,-6167495000000,2932.4932,0,-401022850000000000,190676580,0,6461642500000000
958,105026,485366500000000000000,-6664264000000,2972.5466,0,-699921000000000000,312194700,0,4621394000000000
959,98874,464610020000000000000,-6749801000000,2983.4678,0,-667379850000000000,294987400,0,4699011000000000
960,123998,537789470000000000000,-7307513600000,3037.327,0,-906117100000000000,376622460,0,4337082000000000
961,113138,503299100000000000000,-7428985300000,3050.711,0,-840500600000000000,345151330,0,4448541600000000
962,65111,548624850000000000000,-7631619500000,3108.1563,0,-496902400000000000,202375170,0,8425993000000000
963,104926,634075500000000000000,-8244582000000,3145.8389,0,-865071000000000000,330080300,0,6043073000000000
964,98808,607566000000000000000,-8351026000000,3157.403,0,-825148150000000000,311976670,0,6148955400000000
965,124122,703474300000000000000,-9033098000000,3212.8145,0,-1121206200000000000,398780960,0,5667603400000000
966,113289,657008300000000000000,-9179267000000,3227.7322,0,-1039910000000000000,365666560,0,5799400400000000
967,65190,714337540000000000000,-9398367000000,3286.5525,0,-612679560000000000,214250350,0,10957778000000000
968,104650,825635840000000000000,-10162066000000,3327.5027,0,-1063460150000000000,348223170,0,7889497000000000
969,98665,790678760000000000000,-10289771000000,3337.3203,0,-1015240200000000000,329276700,0,8013771700000000
970,124198,914575900000000000000,-11123266000000,3390.7886,0,-1381487400000000000,421129150,0,7363853500000000
971,113358,852214700000000000000,-11300053000000,3406.5706,0,-1280951400000000000,386162020,0,7517905000000000
972,65019,929244100000000000000,-11596903000000,3463.4395,0,-754019100000000000,225189380,0,14291886000000000
973,105016,1073394400000000000000,-12520385000000,3501.8027,0,-1314840800000000000,367745300,0,10221246000000000
974,98859,1029122600000000000000,-12677906000000,3514.235,0,-1253325000000000000,347413760,0,10410004000000000
975,124204,1191562700000000000000,-13732600000000,3573.4753,0,-1705643800000000000,443839940,0,9593593000000000
976,113426,1109855400000000000000,-13947489000000,3589.9675,0,-1582007800000000000,407195650,0,9784842000000000
977,65067,1209770200000000000000,-14321847000000,3651.7905,0,-931879700000000000,237611060,0,18592684000000000
978,104808,1399099800000000000000,-15493685000000,3693.5823,0,-1623862100000000000,387116960,0,13349170000000000
979,98872,1341966400000000000000,-15681615000000,3703.5332,0,-1550472600000000000,366175740,0,13572766000000000
980,124406,1553006500000000000000,-17000205000000,3762.5215,0,-2114927500000000000,468080260,0,12483373000000000
981,113493,1447499800000000000000,-17293287000000,3774.9395,0,-1962667000000000000,428429220,0,12754089000000000
982,65088,1577336200000000000000,-17767703000000,3840.8618,0,-1156464300000000000,249994020,0,24233902000000000
983,104748,1825392100000000000000,-19223057000000,3888.8193,0,-2013576900000000000,407346050,0,17426510000000000
984,98860,1746003600000000000000,-19460680000000,3902.6074,0,-1923882800000000000,385811780,0,17661376000000000
985,124194,2020769800000000000000,-21090443000000,3958.704,0,-2619306600000000000,491647300,0,16271075000000000
986,113266,1884588500000000000000,-21446772000000,3977.0234,0,-2429190000000000000,450461540,0,16638608000000000
987,65100,2057163800000000000000,-22094327000000,4032.4797,0,-1438340700000000000,262514430,0,31600059000000000
988,104970,2377061000000000000000,-23909257000000,4080.3938,0,-2509754600000000000,428318940,0,22645146000000000
989,98888,2280217700000000000000,-24211674000000,4093.867,0,-2394244000000000000,404834300,0,23058588000000000
990,124172,2636025300000000000000,-26299410000000,4155.7407,0,-3265650400000000000,516026660,0,21228820000000000
991,113190,2460972000000000000000,-26751887000000,4170.7324,0,-3028046200000000000,472085220,0,21741956000000000
992,65072,2684299300000000000000,-27582563000000,4222.953,0,-1794852500000000000,274796000,0,41251220000000000
993,104788,3103546800000000000000,-29908793000000,4267.8804,0,-3134082600000000000,447222660,0,29617388000000000
994,98735,2978970700000000000000,-30294720000000,4282.738,0,-2991149000000000000,422856130,0,30171374000000000
995,124246,3452742600000000000000,-32932513000000,4339.42,0,-4091733000000000000,539155600,0,27789568000000000
996,113419,3225361800000000000000,-33496152000000,4357.7056,0,-3799100200000000000,494246620,0,28437580000000000
997,65086,3524970000000000000000,-34601263000000,4417.273,0,-2252057800000000000,287502620,0,54158653000000000
998,105088,4064566500000000000000,-37538715000000,4461.481,0,-3944868500000000000,468848100,0,38677740000000000
999,98811,3900614000000000000000,-38015830000000,4477.0967,0,-3756382000000000000,442386400,0,39475504000000000
